{"timestamps": [1574179941.910683, 1574179941.9697433, 1574179942.0104203, 1574179942.0698318, 1574179942.1083994, 1574179942.1579642, 1574179942.2099793, 1574179942.7446554, 1574179942.9427083, 1574179943.0096507, 1574179943.0958934, 1574179943.7370796, 1574179943.9393768, 1574179944.0537918, 1574179944.6755905, 1574179944.9552262, 1574179945.561046, 1574179945.8466072, 1574179945.979869], "episode_lengths": [43, 16, 12, 9, 10, 15, 15, 22, 54, 15, 23, 34, 58, 40, 42, 76, 21, 74, 43], "initial_reset_timestamp": 1574179941.7308204, "episode_types": ["t", "t", "t", "t", "t", "t", "t", "t", "t", "t", "t", "t", "t", "t", "t", "t", "t", "t", "t", "t"], "episode_rewards": [43.0, 16.0, 12.0, 9.0, 10.0, 15.0, 15.0, 22.0, 54.0, 15.0, 23.0, 34.0, 58.0, 40.0, 42.0, 76.0, 21.0, 74.0, 43.0]}