{"timestamps": [1574179941.805007, 1574179941.8917692, 1574179941.9532788, 1574179942.0631979, 1574179942.1556761, 1574179942.1983027, 1574179942.6782744, 1574179942.8574893, 1574179942.9072964, 1574179942.9802048, 1574179943.0599792, 1574179943.1273007, 1574179943.723141, 1574179943.9646347, 1574179944.0401044, 1574179944.6937027, 1574179944.793181, 1574179944.875828, 1574179945.6323934, 1574179945.8136702], "episode_lengths": [15, 21, 18, 25, 25, 12, 11, 45, 13, 19, 20, 17, 23, 72, 24, 55, 28, 21, 56, 52], "initial_reset_timestamp": 1574179941.731165, "episode_types": ["t", "t", "t", "t", "t", "t", "t", "t", "t", "t", "t", "t", "t", "t", "t", "t", "t", "t", "t", "t", "t"], "episode_rewards": [15.0, 21.0, 18.0, 25.0, 25.0, 12.0, 11.0, 45.0, 13.0, 19.0, 20.0, 17.0, 23.0, 72.0, 24.0, 55.0, 28.0, 21.0, 56.0, 52.0]}