{"timestamps": [1574179941.8237512, 1574179941.9918187, 1574179942.0698621, 1574179942.113583, 1574179942.1759877, 1574179942.7213624, 1574179942.7605543, 1574179942.8435957, 1574179942.8817074, 1574179943.0048509, 1574179943.0779235, 1574179943.6801844, 1574179943.777012, 1574179943.947711, 1574179943.992727, 1574179944.761078, 1574179945.6244667], "episode_lengths": [19, 46, 15, 12, 20, 23, 11, 22, 12, 29, 20, 26, 27, 48, 15, 88, 84], "initial_reset_timestamp": 1574179941.7297783, "episode_types": ["t", "t", "t", "t", "t", "t", "t", "t", "t", "t", "t", "t", "t", "t", "t", "t", "t", "t"], "episode_rewards": [19.0, 46.0, 15.0, 12.0, 20.0, 23.0, 11.0, 22.0, 12.0, 29.0, 20.0, 26.0, 27.0, 48.0, 15.0, 88.0, 84.0]}