{"timestamps": [1574179941.8460734, 1574179942.0096793, 1574179942.092369, 1574179942.1933677, 1574179942.2272809, 1574179942.7864528, 1574179942.8398552, 1574179942.9239948, 1574179942.9749782, 1574179943.0251617, 1574179943.089329, 1574179943.160189, 1574179943.771962, 1574179943.8602371, 1574179944.679366, 1574179945.5446603], "episode_lengths": [27, 44, 15, 29, 10, 27, 15, 22, 13, 12, 17, 18, 31, 26, 104, 92], "initial_reset_timestamp": 1574179941.7298417, "episode_types": ["t", "t", "t", "t", "t", "t", "t", "t", "t", "t", "t", "t", "t", "t", "t", "t", "t"], "episode_rewards": [27.0, 44.0, 15.0, 29.0, 10.0, 27.0, 15.0, 22.0, 13.0, 12.0, 17.0, 18.0, 31.0, 26.0, 104.0, 92.0]}