{"timestamps": [1574179941.8437088, 1574179942.0244346, 1574179942.1134179, 1574179942.192343, 1574179942.688992, 1574179942.739854, 1574179942.8708344, 1574179943.0881865, 1574179943.7104447, 1574179943.7931519, 1574179943.9880366, 1574179944.0610518, 1574179944.6230078, 1574179945.8784704, 1574179945.9733384], "episode_lengths": [26, 47, 19, 23, 14, 11, 35, 56, 31, 25, 56, 27, 19, 200, 29], "initial_reset_timestamp": 1574179941.7290401, "episode_types": ["t", "t", "t", "t", "t", "t", "t", "t", "t", "t", "t", "t", "t", "t", "t", "t"], "episode_rewards": [26.0, 47.0, 19.0, 23.0, 14.0, 11.0, 35.0, 56.0, 31.0, 25.0, 56.0, 27.0, 19.0, 200.0, 29.0]}