{"timestamps": [1574179941.8776014, 1574179941.9727366, 1574179942.057962, 1574179942.1591651, 1574179942.2241573, 1574179942.7292073, 1574179942.8791654, 1574179942.9762697, 1574179943.1060336, 1574179943.7111824, 1574179943.7749093, 1574179943.8774505, 1574179944.0346298, 1574179944.073647, 1574179944.824867, 1574179945.7306702, 1574179945.8635716, 1574179945.9582136], "episode_lengths": [34, 26, 17, 28, 18, 16, 40, 23, 33, 27, 19, 31, 45, 18, 75, 99, 36, 29], "initial_reset_timestamp": 1574179941.7327683, "episode_types": ["t", "t", "t", "t", "t", "t", "t", "t", "t", "t", "t", "t", "t", "t", "t", "t", "t", "t", "t"], "episode_rewards": [34.0, 26.0, 17.0, 28.0, 18.0, 16.0, 40.0, 23.0, 33.0, 27.0, 19.0, 31.0, 45.0, 18.0, 75.0, 99.0, 36.0, 29.0]}