{"timestamps": [1574179941.859317, 1574179941.9243646, 1574179942.114978, 1574179942.1584702, 1574179942.2131326, 1574179942.6942134, 1574179942.7606442, 1574179942.860248, 1574179942.9403942, 1574179943.1528144, 1574179943.8257875, 1574179943.9223218, 1574179944.0069487, 1574179944.604013, 1574179944.860078, 1574179945.8064852], "episode_lengths": [29, 17, 46, 13, 16, 10, 15, 27, 22, 50, 50, 26, 28, 34, 77, 109], "initial_reset_timestamp": 1574179941.7323606, "episode_types": ["t", "t", "t", "t", "t", "t", "t", "t", "t", "t", "t", "t", "t", "t", "t", "t", "t"], "episode_rewards": [29.0, 17.0, 46.0, 13.0, 16.0, 10.0, 15.0, 27.0, 22.0, 50.0, 50.0, 26.0, 28.0, 34.0, 77.0, 109.0]}