{"timestamps": [1574179941.8889363, 1574179941.9139762, 1574179942.0057595, 1574179942.1061344, 1574179942.1945903, 1574179942.7439895, 1574179942.8909836, 1574179942.9906566, 1574179943.0770411, 1574179943.6681843, 1574179944.0088332, 1574179944.728759, 1574179944.8559654, 1574179945.5409384, 1574179945.8530753, 1574179945.8961177], "episode_lengths": [35, 9, 25, 20, 26, 27, 39, 24, 24, 22, 99, 72, 36, 43, 80, 13], "initial_reset_timestamp": 1574179941.7303112, "episode_types": ["t", "t", "t", "t", "t", "t", "t", "t", "t", "t", "t", "t", "t", "t", "t", "t", "t"], "episode_rewards": [35.0, 9.0, 25.0, 20.0, 26.0, 27.0, 39.0, 24.0, 24.0, 22.0, 99.0, 72.0, 36.0, 43.0, 80.0, 13.0]}