{"timestamps": [1574179941.84698, 1574179941.928861, 1574179942.1083586, 1574179942.6755426, 1574179942.7561927, 1574179942.8259828, 1574179942.909973, 1574179943.0598843, 1574179943.757191, 1574179943.7912335, 1574179943.9450796, 1574179944.0485191, 1574179944.6626084, 1574179945.9265237], "episode_lengths": [27, 21, 42, 36, 18, 20, 22, 38, 51, 11, 43, 35, 40, 200], "initial_reset_timestamp": 1574179941.737712, "episode_types": ["t", "t", "t", "t", "t", "t", "t", "t", "t", "t", "t", "t", "t", "t", "t"], "episode_rewards": [27.0, 21.0, 42.0, 36.0, 18.0, 20.0, 22.0, 38.0, 51.0, 11.0, 43.0, 35.0, 40.0, 200.0]}