{"timestamps": [1574179941.8460882, 1574179941.92207, 1574179942.1035144, 1574179942.6777604, 1574179942.9401762, 1574179943.0882068, 1574179943.8373811, 1574179944.0611045, 1574179944.5954115, 1574179944.6316876, 1574179944.895763], "episode_lengths": [27, 18, 43, 39, 68, 36, 67, 72, 11, 12, 76], "initial_reset_timestamp": 1574179941.737053, "episode_types": ["t", "t", "t", "t", "t", "t", "t", "t", "t", "t", "t", "t"], "episode_rewards": [27.0, 18.0, 43.0, 39.0, 68.0, 36.0, 67.0, 72.0, 11.0, 12.0, 76.0]}