{"timestamps": [1574179941.8707905, 1574179941.9264941, 1574179942.055195, 1574179942.1084871, 1574179942.2120745, 1574179942.7098122, 1574179942.8086112, 1574179943.038415, 1574179943.1104817, 1574179943.6780295, 1574179943.978847, 1574179944.0497904, 1574179944.629169, 1574179944.7736933, 1574179945.7165363], "episode_lengths": [31, 16, 29, 14, 31, 13, 25, 58, 20, 17, 87, 23, 28, 44, 109], "initial_reset_timestamp": 1574179941.7305033, "episode_types": ["t", "t", "t", "t", "t", "t", "t", "t", "t", "t", "t", "t", "t", "t", "t", "t"], "episode_rewards": [31.0, 16.0, 29.0, 14.0, 31.0, 13.0, 25.0, 58.0, 20.0, 17.0, 87.0, 23.0, 28.0, 44.0, 109.0]}