{"timestamps": [1574179941.8038259, 1574179941.9194543, 1574179941.9630435, 1574179942.0604248, 1574179942.120728, 1574179942.193367, 1574179942.7070582, 1574179942.7568817, 1574179942.80583, 1574179943.0071921, 1574179943.0918536, 1574179943.6695466, 1574179943.722474, 1574179943.8603375, 1574179943.9089327, 1574179944.066195, 1574179944.8292723, 1574179944.8793743, 1574179945.7894866], "episode_lengths": [15, 29, 15, 19, 15, 22, 18, 11, 14, 52, 22, 19, 13, 42, 12, 54, 80, 14, 99], "initial_reset_timestamp": 1574179941.738311, "episode_types": ["t", "t", "t", "t", "t", "t", "t", "t", "t", "t", "t", "t", "t", "t", "t", "t", "t", "t", "t", "t"], "episode_rewards": [15.0, 29.0, 15.0, 19.0, 15.0, 22.0, 18.0, 11.0, 14.0, 52.0, 22.0, 19.0, 13.0, 42.0, 12.0, 54.0, 80.0, 14.0, 99.0]}