{"timestamps": [1574179941.8229203, 1574179941.875124, 1574179941.9137821, 1574179941.9764547, 1574179942.1414177, 1574179942.2076533, 1574179942.7752044, 1574179942.8427129, 1574179942.9555757, 1574179943.0532715, 1574179943.1221437, 1574179943.7571955, 1574179943.8924212, 1574179944.0558603, 1574179944.9183285, 1574179945.6446307], "episode_lengths": [19, 14, 11, 18, 38, 19, 32, 17, 29, 24, 18, 36, 40, 52, 108, 47], "initial_reset_timestamp": 1574179941.729053, "episode_types": ["t", "t", "t", "t", "t", "t", "t", "t", "t", "t", "t", "t", "t", "t", "t", "t", "t"], "episode_rewards": [19.0, 14.0, 11.0, 18.0, 38.0, 19.0, 32.0, 17.0, 29.0, 24.0, 18.0, 36.0, 40.0, 52.0, 108.0, 47.0]}