{"timestamps": [1574179941.8114288, 1574179941.9107893, 1574179941.957349, 1574179942.0578554, 1574179942.1282356, 1574179942.1768417, 1574179942.7762344, 1574179942.8260453, 1574179942.8923066, 1574179942.9609525, 1574179943.0576494, 1574179943.857407, 1574179943.9826548, 1574179944.0457246, 1574179944.8088422, 1574179945.7466063], "episode_lengths": [18, 25, 13, 21, 20, 15, 39, 13, 17, 18, 24, 82, 37, 21, 83, 109], "initial_reset_timestamp": 1574179941.7301552, "episode_types": ["t", "t", "t", "t", "t", "t", "t", "t", "t", "t", "t", "t", "t", "t", "t", "t", "t"], "episode_rewards": [18.0, 25.0, 13.0, 21.0, 20.0, 15.0, 39.0, 13.0, 17.0, 18.0, 24.0, 82.0, 37.0, 21.0, 83.0, 109.0]}