{"timestamps": [1574179942.0733125, 1574179942.223294, 1574179942.8058412, 1574179942.9813106, 1574179943.0883327, 1574179943.6722867, 1574179943.8925006, 1574179944.0708115, 1574179944.6691234, 1574179944.7956927, 1574179945.9702322], "episode_lengths": [81, 42, 35, 46, 27, 21, 63, 59, 30, 40, 173], "initial_reset_timestamp": 1574179941.731946, "episode_types": ["t", "t", "t", "t", "t", "t", "t", "t", "t", "t", "t", "t"], "episode_rewards": [81.0, 42.0, 35.0, 46.0, 27.0, 21.0, 63.0, 59.0, 30.0, 40.0, 173.0]}