{"timestamps": [1574179941.8399808, 1574179941.89635, 1574179942.0406487, 1574179942.1281834, 1574179942.192486, 1574179942.6914046, 1574179942.896948, 1574179942.960866, 1574179943.0532033, 1574179943.1438534, 1574179943.6778975, 1574179943.9616067, 1574179944.049525, 1574179944.6433787, 1574179945.5763729, 1574179945.805206, 1574179945.8610628], "episode_lengths": [24, 14, 37, 22, 18, 15, 53, 16, 22, 22, 11, 81, 29, 32, 111, 62, 15], "initial_reset_timestamp": 1574179941.7380154, "episode_types": ["t", "t", "t", "t", "t", "t", "t", "t", "t", "t", "t", "t", "t", "t", "t", "t", "t", "t"], "episode_rewards": [24.0, 14.0, 37.0, 22.0, 18.0, 15.0, 53.0, 16.0, 22.0, 22.0, 11.0, 81.0, 29.0, 32.0, 111.0, 62.0, 15.0]}