{"timestamps": [1574179756.2044425, 1574179756.272792, 1574179756.3142967, 1574179756.3892264, 1574179756.4400804, 1574179756.7850547, 1574179756.8238242, 1574179756.8837895, 1574179756.9271789, 1574179757.333654, 1574179757.9062204, 1574179758.343815, 1574179759.1208708, 1574179759.6305025, 1574179760.4133782, 1574179760.9599526, 1574179761.823268, 1574179763.1059585, 1574179763.7457974, 1574179764.3194044, 1574179765.0407853, 1574179765.971292, 1574179766.6354764, 1574179767.5713565, 1574179768.4905713, 1574179769.2858832, 1574179770.395497, 1574179771.001594, 1574179771.7731016, 1574179772.3753657, 1574179773.379927, 1574179774.21705, 1574179774.9419458, 1574179775.933109, 1574179776.5478513, 1574179777.4303567, 1574179778.2674277, 1574179778.8748853, 1574179779.8105078, 1574179780.342767, 1574179781.116465, 1574179782.1520207, 1574179782.6821153, 1574179783.9108686, 1574179784.4842927, 1574179785.4395165, 1574179786.2425764, 1574179786.786169, 1574179787.5801437, 1574179788.1088393, 1574179788.8864357, 1574179789.628956, 1574179790.3093002, 1574179791.1855242, 1574179791.2729676, 1574179791.3449862, 1574179791.6370397, 1574179791.6883156, 1574179791.728851, 1574179792.6856132, 1574179793.4082448, 1574179793.9441273, 1574179794.6451695, 1574179795.109896, 1574179795.8424194, 1574179796.5418503, 1574179797.025662, 1574179797.7200563, 1574179798.2440526, 1574179798.932338, 1574179799.6429172, 1574179800.2439117, 1574179800.9830406, 1574179801.5807061, 1574179802.2938378], "initial_reset_timestamp": 1574179756.0624626, "episode_types": ["t", "t", "t", "t", "t", "t", "t", "t", "t", "t", "t", "t", "t", "t", "t", "t", "t", "t", "t", "t", "t", "t", "t", "t", "t", "t", "t", "t", "t", "t", "t", "t", "t", "t", "t", "t", "t", "t", "t", "t", "t", "t", "t", "t", "t", "t", "t", "t", "t", "t", "t", "t", "t", "t", "t", "t", "t", "t", "t", "t", "t", "t", "t", "t", "t", "t", "t", "t", "t", "t", "t", "t", "t", "t", "t", "t"], "episode_lengths": [34, 26, 17, 28, 18, 32, 21, 32, 25, 55, 200, 126, 181, 160, 200, 200, 200, 200, 151, 200, 200, 200, 200, 200, 200, 200, 200, 200, 200, 200, 200, 200, 200, 200, 200, 200, 200, 200, 200, 200, 200, 200, 200, 200, 200, 200, 200, 200, 200, 200, 200, 200, 200, 200, 11, 11, 42, 10, 10, 200, 200, 200, 200, 200, 200, 200, 200, 200, 200, 200, 200, 200, 200, 200, 200], "episode_rewards": [34.0, 26.0, 17.0, 28.0, 18.0, 32.0, 21.0, 32.0, 25.0, 55.0, 200.0, 126.0, 181.0, 160.0, 200.0, 200.0, 200.0, 200.0, 151.0, 200.0, 200.0, 200.0, 200.0, 200.0, 200.0, 200.0, 200.0, 200.0, 200.0, 200.0, 200.0, 200.0, 200.0, 200.0, 200.0, 200.0, 200.0, 200.0, 200.0, 200.0, 200.0, 200.0, 200.0, 200.0, 200.0, 200.0, 200.0, 200.0, 200.0, 200.0, 200.0, 200.0, 200.0, 200.0, 11.0, 11.0, 42.0, 10.0, 10.0, 200.0, 200.0, 200.0, 200.0, 200.0, 200.0, 200.0, 200.0, 200.0, 200.0, 200.0, 200.0, 200.0, 200.0, 200.0, 200.0]}