{"timestamps": [1574179756.1782546, 1574179756.2354112, 1574179756.344471, 1574179756.7247891, 1574179756.8111882, 1574179756.9269593, 1574179757.3499503, 1574179757.474856, 1574179757.8304386, 1574179758.6089163, 1574179759.216114, 1574179759.579687, 1574179760.1286826, 1574179760.8731008, 1574179761.7181046, 1574179762.629491, 1574179763.748039, 1574179764.3212905, 1574179765.04296, 1574179765.9733438, 1574179766.6374524, 1574179767.58306, 1574179768.4934382, 1574179769.288122, 1574179770.397422, 1574179771.0077, 1574179771.7749524, 1574179772.3776777, 1574179773.3819618, 1574179774.2193282, 1574179774.9441824, 1574179775.9367375, 1574179776.549904, 1574179777.4330254, 1574179778.2698898, 1574179778.881912, 1574179779.8133836, 1574179780.3449357, 1574179781.1188316, 1574179782.1543114, 1574179782.6851833, 1574179783.9130251, 1574179784.486739, 1574179785.4423916, 1574179786.2463653, 1574179786.7886689, 1574179787.582313, 1574179788.1112478, 1574179788.8891323, 1574179789.6325784, 1574179790.311515, 1574179791.1933448, 1574179791.4750247, 1574179791.5493238, 1574179791.623308, 1574179792.6468577, 1574179793.1688132, 1574179793.8980207, 1574179794.6079729, 1574179795.0694592, 1574179795.7974443, 1574179796.302273, 1574179796.982393, 1574179797.685749, 1574179798.2010317, 1574179798.8974683, 1574179799.43145, 1574179800.2024593, 1574179800.947274, 1574179801.5404325, 1574179802.2580209, 1574179802.825199], "initial_reset_timestamp": 1574179756.0560796, "episode_types": ["t", "t", "t", "t", "t", "t", "t", "t", "t", "t", "t", "t", "t", "t", "t", "t", "t", "t", "t", "t", "t", "t", "t", "t", "t", "t", "t", "t", "t", "t", "t", "t", "t", "t", "t", "t", "t", "t", "t", "t", "t", "t", "t", "t", "t", "t", "t", "t", "t", "t", "t", "t", "t", "t", "t", "t", "t", "t", "t", "t", "t", "t", "t", "t", "t", "t", "t", "t", "t", "t", "t", "t", "t"], "episode_lengths": [27, 18, 43, 39, 42, 64, 64, 71, 76, 200, 200, 85, 186, 192, 200, 200, 200, 200, 200, 200, 200, 200, 200, 200, 200, 200, 200, 200, 200, 200, 200, 200, 200, 200, 200, 200, 200, 200, 200, 200, 200, 200, 200, 200, 200, 200, 200, 200, 200, 200, 200, 200, 38, 11, 12, 200, 200, 200, 200, 200, 200, 200, 200, 200, 200, 200, 200, 200, 200, 200, 200, 200], "episode_rewards": [27.0, 18.0, 43.0, 39.0, 42.0, 64.0, 64.0, 71.0, 76.0, 200.0, 200.0, 85.0, 186.0, 192.0, 200.0, 200.0, 200.0, 200.0, 200.0, 200.0, 200.0, 200.0, 200.0, 200.0, 200.0, 200.0, 200.0, 200.0, 200.0, 200.0, 200.0, 200.0, 200.0, 200.0, 200.0, 200.0, 200.0, 200.0, 200.0, 200.0, 200.0, 200.0, 200.0, 200.0, 200.0, 200.0, 200.0, 200.0, 200.0, 200.0, 200.0, 200.0, 38.0, 11.0, 12.0, 200.0, 200.0, 200.0, 200.0, 200.0, 200.0, 200.0, 200.0, 200.0, 200.0, 200.0, 200.0, 200.0, 200.0, 200.0, 200.0, 200.0]}