{"timestamps": [1574179756.2065265, 1574179756.2319515, 1574179756.291497, 1574179756.3477876, 1574179756.4159222, 1574179756.741257, 1574179756.8192515, 1574179756.9012833, 1574179757.411438, 1574179757.89951, 1574179758.6894493, 1574179759.091659, 1574179759.672157, 1574179760.3866048, 1574179760.9346902, 1574179761.7977223, 1574179762.552812, 1574179763.3191938, 1574179763.9029799, 1574179764.6377463, 1574179765.4879377, 1574179766.165061, 1574179766.995215, 1574179767.965348, 1574179768.8648558, 1574179769.8235645, 1574179770.573723, 1574179771.3720427, 1574179771.9346273, 1574179773.0006196, 1574179773.748773, 1574179774.591981, 1574179775.3165483, 1574179776.1175466, 1574179776.9502883, 1574179777.8492274, 1574179778.4246695, 1574179779.3007908, 1574179779.9590676, 1574179780.7007504, 1574179781.6010063, 1574179782.2884305, 1574179783.1727445, 1574179784.0783272, 1574179784.9607825, 1574179785.8388882, 1574179786.4204247, 1574179787.1119072, 1574179787.7134895, 1574179788.4793983, 1574179789.2377152, 1574179789.7951448, 1574179790.700362, 1574179791.1770897, 1574179791.5555549, 1574179792.6249897, 1574179793.151686, 1574179793.8738074, 1574179794.5907016, 1574179795.0524914, 1574179795.776696, 1574179796.2835064, 1574179796.965383, 1574179797.667982, 1574179798.1813796, 1574179798.879619, 1574179799.4086823, 1574179800.1824796, 1574179800.9225464, 1574179801.5223994, 1574179802.235423, 1574179802.8048704], "initial_reset_timestamp": 1574179756.0616488, "episode_types": ["t", "t", "t", "t", "t", "t", "t", "t", "t", "t", "t", "t", "t", "t", "t", "t", "t", "t", "t", "t", "t", "t", "t", "t", "t", "t", "t", "t", "t", "t", "t", "t", "t", "t", "t", "t", "t", "t", "t", "t", "t", "t", "t", "t", "t", "t", "t", "t", "t", "t", "t", "t", "t", "t", "t", "t", "t", "t", "t", "t", "t", "t", "t", "t", "t", "t", "t", "t", "t", "t", "t", "t", "t"], "episode_lengths": [35, 9, 25, 20, 26, 19, 40, 44, 112, 156, 200, 95, 200, 159, 200, 200, 150, 159, 144, 200, 200, 200, 200, 200, 200, 200, 200, 200, 200, 200, 200, 200, 200, 200, 200, 200, 200, 200, 200, 200, 200, 200, 200, 200, 200, 200, 200, 200, 200, 200, 200, 200, 200, 111, 53, 200, 200, 200, 200, 200, 200, 200, 200, 200, 200, 200, 200, 200, 200, 200, 200, 200], "episode_rewards": [35.0, 9.0, 25.0, 20.0, 26.0, 19.0, 40.0, 44.0, 112.0, 156.0, 200.0, 95.0, 200.0, 159.0, 200.0, 200.0, 150.0, 159.0, 144.0, 200.0, 200.0, 200.0, 200.0, 200.0, 200.0, 200.0, 200.0, 200.0, 200.0, 200.0, 200.0, 200.0, 200.0, 200.0, 200.0, 200.0, 200.0, 200.0, 200.0, 200.0, 200.0, 200.0, 200.0, 200.0, 200.0, 200.0, 200.0, 200.0, 200.0, 200.0, 200.0, 200.0, 200.0, 111.0, 53.0, 200.0, 200.0, 200.0, 200.0, 200.0, 200.0, 200.0, 200.0, 200.0, 200.0, 200.0, 200.0, 200.0, 200.0, 200.0, 200.0, 200.0]}