{"timestamps": [1574179756.1674266, 1574179756.2179596, 1574179756.3068304, 1574179756.3695383, 1574179756.4153044, 1574179756.7376697, 1574179756.792535, 1574179756.8650424, 1574179756.8965192, 1574179756.9513783, 1574179757.414189, 1574179757.8373861, 1574179758.6202447, 1574179759.1451685, 1574179759.5755017, 1574179760.3541334, 1574179760.9038634, 1574179761.762471, 1574179762.5191288, 1574179763.311974, 1574179763.898796, 1574179764.6340914, 1574179765.4829638, 1574179766.1604426, 1574179766.9917278, 1574179767.9589825, 1574179768.8604639, 1574179769.8029773, 1574179770.5668879, 1574179771.3674626, 1574179771.9303706, 1574179772.9905057, 1574179773.7441063, 1574179774.5881174, 1574179775.312931, 1574179776.1134293, 1574179776.9460828, 1574179777.845303, 1574179778.4202547, 1574179779.2901485, 1574179779.9549124, 1574179780.6967802, 1574179781.5931768, 1574179782.284619, 1574179783.1685572, 1574179784.0743382, 1574179784.956279, 1574179785.8346288, 1574179786.4157429, 1574179787.107789, 1574179787.7092505, 1574179788.475531, 1574179789.2337098, 1574179789.7905748, 1574179790.6966882, 1574179791.3606002, 1574179791.440963, 1574179792.1458569, 1574179792.2847517, 1574179793.0379376, 1574179793.555866, 1574179794.289652, 1574179794.9449553, 1574179795.4555604, 1574179796.1783822, 1574179796.6854444, 1574179797.3501189, 1574179798.0640347, 1574179798.5849686, 1574179799.2877128, 1574179799.8185253, 1574179800.6134734, 1574179801.3898015, 1574179801.9138613, 1574179802.679572], "initial_reset_timestamp": 1574179756.0575979, "episode_types": ["t", "t", "t", "t", "t", "t", "t", "t", "t", "t", "t", "t", "t", "t", "t", "t", "t", "t", "t", "t", "t", "t", "t", "t", "t", "t", "t", "t", "t", "t", "t", "t", "t", "t", "t", "t", "t", "t", "t", "t", "t", "t", "t", "t", "t", "t", "t", "t", "t", "t", "t", "t", "t", "t", "t", "t", "t", "t", "t", "t", "t", "t", "t", "t", "t", "t", "t", "t", "t", "t", "t", "t", "t", "t", "t", "t"], "episode_lengths": [24, 14, 37, 22, 18, 17, 27, 38, 18, 32, 84, 117, 200, 159, 120, 199, 200, 200, 156, 163, 146, 200, 200, 200, 200, 200, 200, 200, 200, 200, 200, 200, 200, 200, 200, 200, 200, 200, 200, 200, 200, 200, 200, 200, 200, 200, 200, 200, 200, 200, 200, 200, 200, 200, 200, 139, 10, 83, 60, 200, 200, 200, 200, 200, 200, 200, 200, 200, 200, 200, 200, 200, 200, 200, 200], "episode_rewards": [24.0, 14.0, 37.0, 22.0, 18.0, 17.0, 27.0, 38.0, 18.0, 32.0, 84.0, 117.0, 200.0, 159.0, 120.0, 199.0, 200.0, 200.0, 156.0, 163.0, 146.0, 200.0, 200.0, 200.0, 200.0, 200.0, 200.0, 200.0, 200.0, 200.0, 200.0, 200.0, 200.0, 200.0, 200.0, 200.0, 200.0, 200.0, 200.0, 200.0, 200.0, 200.0, 200.0, 200.0, 200.0, 200.0, 200.0, 200.0, 200.0, 200.0, 200.0, 200.0, 200.0, 200.0, 200.0, 139.0, 10.0, 83.0, 60.0, 200.0, 200.0, 200.0, 200.0, 200.0, 200.0, 200.0, 200.0, 200.0, 200.0, 200.0, 200.0, 200.0, 200.0, 200.0, 200.0]}