{"timestamps": [1574179756.1549425, 1574179756.2013397, 1574179756.2319365, 1574179756.2786689, 1574179756.377007, 1574179756.4297822, 1574179756.9177942, 1574179757.346293, 1574179757.4477203, 1574179757.8168073, 1574179758.1257653, 1574179758.3219943, 1574179758.7815018, 1574179759.590024, 1574179760.3734796, 1574179760.9256196, 1574179761.7869759, 1574179762.77303, 1574179763.7344916, 1574179764.3086808, 1574179765.0280163, 1574179765.7336202, 1574179766.6241958, 1574179767.5218437, 1574179768.4784482, 1574179769.2749789, 1574179770.167548, 1574179770.9912958, 1574179771.7622375, 1574179772.3633466, 1574179773.3707418, 1574179773.96259, 1574179774.9318519, 1574179775.9009902, 1574179776.537253, 1574179777.417148, 1574179778.0515938, 1574179778.8567815, 1574179779.7983115, 1574179780.3335729, 1574179781.1072836, 1574179781.8366892, 1574179782.668903, 1574179783.890762, 1574179784.4726481, 1574179785.426684, 1574179786.022935, 1574179786.776877, 1574179787.5701716, 1574179788.0978801, 1574179788.8739939, 1574179789.401299, 1574179790.2919555, 1574179790.714414, 1574179791.112446, 1574179791.3094823, 1574179791.3936527, 1574179792.5850766, 1574179793.1128094, 1574179793.8306816, 1574179794.3711321, 1574179795.020358, 1574179795.7390823, 1574179796.2505572, 1574179796.9335399, 1574179797.4340324, 1574179798.1446033, 1574179798.8471744, 1574179799.3717103, 1574179800.1451893, 1574179800.6997414, 1574179801.479073, 1574179802.1883729, 1574179802.7689424], "initial_reset_timestamp": 1574179756.0560787, "episode_types": ["t", "t", "t", "t", "t", "t", "t", "t", "t", "t", "t", "t", "t", "t", "t", "t", "t", "t", "t", "t", "t", "t", "t", "t", "t", "t", "t", "t", "t", "t", "t", "t", "t", "t", "t", "t", "t", "t", "t", "t", "t", "t", "t", "t", "t", "t", "t", "t", "t", "t", "t", "t", "t", "t", "t", "t", "t", "t", "t", "t", "t", "t", "t", "t", "t", "t", "t", "t", "t", "t", "t", "t", "t", "t", "t"], "episode_lengths": [19, 14, 11, 18, 38, 19, 109, 67, 57, 87, 64, 99, 133, 200, 200, 200, 200, 200, 165, 200, 200, 200, 200, 200, 200, 200, 200, 200, 200, 200, 200, 200, 200, 200, 200, 200, 200, 200, 200, 200, 200, 200, 200, 200, 200, 200, 200, 200, 200, 200, 200, 200, 200, 101, 82, 40, 11, 200, 200, 200, 200, 200, 200, 200, 200, 200, 200, 200, 200, 200, 200, 200, 200, 200], "episode_rewards": [19.0, 14.0, 11.0, 18.0, 38.0, 19.0, 109.0, 67.0, 57.0, 87.0, 64.0, 99.0, 133.0, 200.0, 200.0, 200.0, 200.0, 200.0, 165.0, 200.0, 200.0, 200.0, 200.0, 200.0, 200.0, 200.0, 200.0, 200.0, 200.0, 200.0, 200.0, 200.0, 200.0, 200.0, 200.0, 200.0, 200.0, 200.0, 200.0, 200.0, 200.0, 200.0, 200.0, 200.0, 200.0, 200.0, 200.0, 200.0, 200.0, 200.0, 200.0, 200.0, 200.0, 101.0, 82.0, 40.0, 11.0, 200.0, 200.0, 200.0, 200.0, 200.0, 200.0, 200.0, 200.0, 200.0, 200.0, 200.0, 200.0, 200.0, 200.0, 200.0, 200.0, 200.0]}