{"timestamps": [1574179756.1557486, 1574179756.2844815, 1574179756.3221893, 1574179756.3559647, 1574179756.4041038, 1574179756.7946746, 1574179756.890627, 1574179757.272651, 1574179757.8077679, 1574179758.1731002, 1574179758.7297447, 1574179759.2210538, 1574179759.9998732, 1574179760.450977, 1574179760.9952574, 1574179761.8572257, 1574179763.136332, 1574179763.7959185, 1574179764.5333984, 1574179765.0882113, 1574179766.030001, 1574179766.6770952, 1574179767.7255538, 1574179768.753415, 1574179769.3346868, 1574179770.457074, 1574179771.04887, 1574179771.816487, 1574179772.688445, 1574179773.4195204, 1574179774.3393326, 1574179774.9947968, 1574179775.9881594, 1574179776.8134127, 1574179777.484716, 1574179778.3122404, 1574179778.9335701, 1574179779.8573222, 1574179780.5764222, 1574179781.1561513, 1574179782.1984148, 1574179782.7369046, 1574179783.9664633, 1574179784.82034, 1574179785.4929156, 1574179786.2929504, 1574179786.8289216, 1574179787.618251, 1574179788.3682067, 1574179788.9379127, 1574179789.685775, 1574179790.3746212, 1574179791.3769853, 1574179791.451067, 1574179791.7472944, 1574179792.2363875, 1574179792.2594187, 1574179793.0173032, 1574179793.537371, 1574179794.2689347, 1574179794.7596984, 1574179795.433826, 1574179796.1590993, 1574179796.6664374, 1574179797.3261573, 1574179797.8531518, 1574179798.5634096, 1574179799.2658596, 1574179799.7937722, 1574179800.5914056, 1574179801.1238086, 1574179801.8946528, 1574179802.653939], "initial_reset_timestamp": 1574179756.0567675, "episode_types": ["t", "t", "t", "t", "t", "t", "t", "t", "t", "t", "t", "t", "t", "t", "t", "t", "t", "t", "t", "t", "t", "t", "t", "t", "t", "t", "t", "t", "t", "t", "t", "t", "t", "t", "t", "t", "t", "t", "t", "t", "t", "t", "t", "t", "t", "t", "t", "t", "t", "t", "t", "t", "t", "t", "t", "t", "t", "t", "t", "t", "t", "t", "t", "t", "t", "t", "t", "t", "t", "t", "t", "t", "t", "t"], "episode_lengths": [19, 46, 15, 12, 20, 48, 52, 44, 178, 94, 177, 141, 200, 131, 196, 200, 200, 159, 200, 200, 200, 200, 200, 200, 200, 200, 200, 200, 200, 200, 200, 200, 200, 200, 200, 200, 200, 200, 200, 200, 200, 200, 200, 200, 200, 200, 200, 200, 200, 200, 200, 200, 200, 10, 54, 62, 12, 200, 200, 200, 200, 200, 200, 200, 200, 200, 200, 200, 200, 200, 200, 200, 200], "episode_rewards": [19.0, 46.0, 15.0, 12.0, 20.0, 48.0, 52.0, 44.0, 178.0, 94.0, 177.0, 141.0, 200.0, 131.0, 196.0, 200.0, 200.0, 159.0, 200.0, 200.0, 200.0, 200.0, 200.0, 200.0, 200.0, 200.0, 200.0, 200.0, 200.0, 200.0, 200.0, 200.0, 200.0, 200.0, 200.0, 200.0, 200.0, 200.0, 200.0, 200.0, 200.0, 200.0, 200.0, 200.0, 200.0, 200.0, 200.0, 200.0, 200.0, 200.0, 200.0, 200.0, 200.0, 10.0, 54.0, 62.0, 12.0, 200.0, 200.0, 200.0, 200.0, 200.0, 200.0, 200.0, 200.0, 200.0, 200.0, 200.0, 200.0, 200.0, 200.0, 200.0, 200.0]}