{"timestamps": [1574179756.1449964, 1574179756.2320287, 1574179756.2700818, 1574179756.3170228, 1574179756.3600998, 1574179756.4161992, 1574179756.754956, 1574179756.8675895, 1574179756.9415991, 1574179757.3325915, 1574179757.9051075, 1574179758.6942282, 1574179759.065081, 1574179759.6521633, 1574179760.360325, 1574179760.910004, 1574179761.7712493, 1574179762.7396967, 1574179763.7901819, 1574179764.3384013, 1574179765.0634415, 1574179765.9973423, 1574179766.653353, 1574179767.634408, 1574179768.5134082, 1574179769.310559, 1574179770.4226675, 1574179771.0254061, 1574179771.791596, 1574179772.3947515, 1574179773.397373, 1574179774.2522714, 1574179774.9645538, 1574179775.9622405, 1574179776.5654268, 1574179777.4529204, 1574179778.2900133, 1574179778.9030662, 1574179779.8296945, 1574179780.3600247, 1574179781.1336527, 1574179782.169326, 1574179782.70659, 1574179783.9340575, 1574179784.5054326, 1574179785.4629862, 1574179786.2663581, 1574179786.8073971, 1574179787.5970762, 1574179788.1281397, 1574179788.9090157, 1574179789.6550953, 1574179790.3411665, 1574179791.2730896, 1574179791.3302653, 1574179791.7723694, 1574179792.7098625, 1574179793.4278653, 1574179793.967393, 1574179794.662524, 1574179795.1325142, 1574179795.8658829, 1574179796.5602744, 1574179797.0445151, 1574179797.73789, 1574179798.265048, 1574179798.950757, 1574179799.6654747, 1574179800.263597, 1574179801.0002968, 1574179801.5997608, 1574179802.3151906], "initial_reset_timestamp": 1574179756.05811, "episode_types": ["t", "t", "t", "t", "t", "t", "t", "t", "t", "t", "t", "t", "t", "t", "t", "t", "t", "t", "t", "t", "t", "t", "t", "t", "t", "t", "t", "t", "t", "t", "t", "t", "t", "t", "t", "t", "t", "t", "t", "t", "t", "t", "t", "t", "t", "t", "t", "t", "t", "t", "t", "t", "t", "t", "t", "t", "t", "t", "t", "t", "t", "t", "t", "t", "t", "t", "t", "t", "t", "t", "t", "t", "t"], "episode_lengths": [15, 29, 15, 19, 15, 22, 25, 58, 44, 46, 200, 200, 81, 200, 160, 200, 200, 200, 200, 188, 200, 200, 200, 200, 200, 200, 200, 200, 200, 200, 200, 200, 200, 200, 200, 200, 200, 200, 200, 200, 200, 200, 200, 200, 200, 200, 200, 200, 200, 200, 200, 200, 200, 200, 9, 74, 200, 200, 200, 200, 200, 200, 200, 200, 200, 200, 200, 200, 200, 200, 200, 200], "episode_rewards": [15.0, 29.0, 15.0, 19.0, 15.0, 22.0, 25.0, 58.0, 44.0, 46.0, 200.0, 200.0, 81.0, 200.0, 160.0, 200.0, 200.0, 200.0, 200.0, 188.0, 200.0, 200.0, 200.0, 200.0, 200.0, 200.0, 200.0, 200.0, 200.0, 200.0, 200.0, 200.0, 200.0, 200.0, 200.0, 200.0, 200.0, 200.0, 200.0, 200.0, 200.0, 200.0, 200.0, 200.0, 200.0, 200.0, 200.0, 200.0, 200.0, 200.0, 200.0, 200.0, 200.0, 200.0, 9.0, 74.0, 200.0, 200.0, 200.0, 200.0, 200.0, 200.0, 200.0, 200.0, 200.0, 200.0, 200.0, 200.0, 200.0, 200.0, 200.0, 200.0]}