{"timestamps": [1574179756.1765327, 1574179756.2984085, 1574179756.3384454, 1574179756.4151523, 1574179756.4467254, 1574179756.7898424, 1574179756.8613403, 1574179756.9229705, 1574179757.4059258, 1574179757.4675748, 1574179758.1976209, 1574179758.7251122, 1574179759.2667532, 1574179760.046101, 1574179760.8162713, 1574179761.3854713, 1574179762.4565375, 1574179763.3572319, 1574179764.2088006, 1574179764.7196548, 1574179765.588934, 1574179766.5109658, 1574179767.081608, 1574179768.362903, 1574179768.9423852, 1574179770.0310364, 1574179770.8976896, 1574179771.4660494, 1574179772.261048, 1574179773.0894845, 1574179773.857769, 1574179774.848562, 1574179775.3987932, 1574179776.426876, 1574179777.050855, 1574179777.9310105, 1574179778.7313929, 1574179779.40648, 1574179780.2421372, 1574179780.7879481, 1574179781.6927893, 1574179782.5692036, 1574179783.299063, 1574179784.367297, 1574179785.0711098, 1574179785.921461, 1574179786.6931858, 1574179787.19565, 1574179787.9962265, 1574179788.5659952, 1574179789.3072484, 1574179790.1467962, 1574179790.79584, 1574179791.4488244, 1574179791.529753, 1574179792.0671115, 1574179792.719735, 1574179793.4380999, 1574179793.9775913, 1574179794.670183, 1574179795.326129, 1574179795.8759592, 1574179796.5688424, 1574179797.0541532, 1574179797.7468174, 1574179798.4564497, 1574179798.960353, 1574179799.6736305, 1574179800.2721944, 1574179801.0092392, 1574179801.7960815, 1574179802.324166], "initial_reset_timestamp": 1574179756.057154, "episode_types": ["t", "t", "t", "t", "t", "t", "t", "t", "t", "t", "t", "t", "t", "t", "t", "t", "t", "t", "t", "t", "t", "t", "t", "t", "t", "t", "t", "t", "t", "t", "t", "t", "t", "t", "t", "t", "t", "t", "t", "t", "t", "t", "t", "t", "t", "t", "t", "t", "t", "t", "t", "t", "t", "t", "t", "t", "t", "t", "t", "t", "t", "t", "t", "t", "t", "t", "t", "t", "t", "t", "t", "t", "t"], "episode_lengths": [27, 44, 15, 29, 10, 33, 38, 35, 96, 37, 176, 164, 168, 200, 200, 200, 200, 200, 171, 200, 200, 200, 200, 200, 200, 200, 200, 200, 200, 200, 200, 200, 200, 200, 200, 200, 200, 200, 200, 200, 200, 200, 200, 200, 200, 200, 200, 200, 200, 200, 200, 200, 200, 99, 12, 50, 200, 200, 200, 200, 200, 200, 200, 200, 200, 200, 200, 200, 200, 200, 200, 200], "episode_rewards": [27.0, 44.0, 15.0, 29.0, 10.0, 33.0, 38.0, 35.0, 96.0, 37.0, 176.0, 164.0, 168.0, 200.0, 200.0, 200.0, 200.0, 200.0, 171.0, 200.0, 200.0, 200.0, 200.0, 200.0, 200.0, 200.0, 200.0, 200.0, 200.0, 200.0, 200.0, 200.0, 200.0, 200.0, 200.0, 200.0, 200.0, 200.0, 200.0, 200.0, 200.0, 200.0, 200.0, 200.0, 200.0, 200.0, 200.0, 200.0, 200.0, 200.0, 200.0, 200.0, 200.0, 99.0, 12.0, 50.0, 200.0, 200.0, 200.0, 200.0, 200.0, 200.0, 200.0, 200.0, 200.0, 200.0, 200.0, 200.0, 200.0, 200.0, 200.0, 200.0]}