{"timestamps": [1574179756.179466, 1574179756.2453434, 1574179756.3498328, 1574179756.7224183, 1574179756.8460565, 1574179757.7220063, 1574179758.2991612, 1574179759.0222566, 1574179759.6295269, 1574179760.4122875, 1574179760.9597244, 1574179761.8223896, 1574179763.105765, 1574179763.7636905, 1574179764.275496, 1574179764.9908953, 1574179765.6918898, 1574179766.5873382, 1574179767.3921924, 1574179768.4417233, 1574179769.2409763, 1574179770.1296785, 1574179770.9598293, 1574179771.7234855, 1574179772.3289104, 1574179773.3435147, 1574179773.9273522, 1574179774.903552, 1574179775.795059, 1574179776.5014594, 1574179777.377615, 1574179778.0173693, 1574179778.8124092, 1574179779.7370675, 1574179780.3046663, 1574179781.075277, 1574179781.797374, 1574179782.627285, 1574179783.8276706, 1574179784.437313, 1574179785.3900578, 1574179785.987503, 1574179786.748937, 1574179787.5290043, 1574179788.0620406, 1574179788.8430383, 1574179789.3680148, 1574179790.2573986, 1574179791.1059961, 1574179791.1336083, 1574179791.7712593, 1574179792.7081678, 1574179793.4262514, 1574179793.9656405, 1574179794.660827, 1574179795.131232, 1574179795.8647366, 1574179796.5583897, 1574179797.0428777, 1574179797.7362387, 1574179798.2632344, 1574179798.9491062, 1574179799.6636057, 1574179800.2625434, 1574179800.9985666, 1574179801.598009, 1574179802.3133144], "initial_reset_timestamp": 1574179756.057055, "episode_types": ["t", "t", "t", "t", "t", "t", "t", "t", "t", "t", "t", "t", "t", "t", "t", "t", "t", "t", "t", "t", "t", "t", "t", "t", "t", "t", "t", "t", "t", "t", "t", "t", "t", "t", "t", "t", "t", "t", "t", "t", "t", "t", "t", "t", "t", "t", "t", "t", "t", "t", "t", "t", "t", "t", "t", "t", "t", "t", "t", "t", "t", "t", "t", "t", "t", "t", "t", "t"], "episode_lengths": [27, 21, 42, 36, 63, 200, 200, 166, 200, 200, 200, 200, 200, 161, 165, 200, 200, 200, 200, 200, 200, 200, 200, 200, 200, 200, 200, 200, 200, 200, 200, 200, 200, 200, 200, 200, 200, 200, 200, 200, 200, 200, 200, 200, 200, 200, 200, 200, 200, 10, 109, 200, 200, 200, 200, 200, 200, 200, 200, 200, 200, 200, 200, 200, 200, 200, 200], "episode_rewards": [27.0, 21.0, 42.0, 36.0, 63.0, 200.0, 200.0, 166.0, 200.0, 200.0, 200.0, 200.0, 200.0, 161.0, 165.0, 200.0, 200.0, 200.0, 200.0, 200.0, 200.0, 200.0, 200.0, 200.0, 200.0, 200.0, 200.0, 200.0, 200.0, 200.0, 200.0, 200.0, 200.0, 200.0, 200.0, 200.0, 200.0, 200.0, 200.0, 200.0, 200.0, 200.0, 200.0, 200.0, 200.0, 200.0, 200.0, 200.0, 200.0, 10.0, 109.0, 200.0, 200.0, 200.0, 200.0, 200.0, 200.0, 200.0, 200.0, 200.0, 200.0, 200.0, 200.0, 200.0, 200.0, 200.0, 200.0]}