{"timestamps": [1574179756.1525297, 1574179756.229245, 1574179756.2637591, 1574179756.3141854, 1574179756.3695824, 1574179756.405226, 1574179756.7809095, 1574179756.941589, 1574179757.3375516, 1574179757.4119122, 1574179757.699411, 1574179758.2728856, 1574179759.0843172, 1574179759.6106198, 1574179760.369709, 1574179760.9227278, 1574179761.7369578, 1574179762.535543, 1574179763.6937146, 1574179764.2018185, 1574179764.712801, 1574179765.5720382, 1574179766.5041955, 1574179767.0743272, 1574179768.3557215, 1574179768.9360094, 1574179770.0109177, 1574179770.8914318, 1574179771.459104, 1574179772.2535875, 1574179773.079519, 1574179773.8475046, 1574179774.840288, 1574179775.3915677, 1574179776.4178874, 1574179777.039845, 1574179777.9224324, 1574179778.7204037, 1574179779.3991947, 1574179780.2356768, 1574179780.7805445, 1574179781.684189, 1574179782.557538, 1574179783.2880127, 1574179784.3606963, 1574179785.0587842, 1574179785.9140303, 1574179786.6859164, 1574179787.188094, 1574179787.988886, 1574179788.5583763, 1574179789.3001995, 1574179790.1320474, 1574179790.723892, 1574179791.184446, 1574179791.261832, 1574179792.3420353, 1574179793.0860412, 1574179793.7953908, 1574179794.345863, 1574179794.990547, 1574179795.5103037, 1574179796.2243412, 1574179796.9086337, 1574179797.3993773, 1574179798.1156218, 1574179798.6363554, 1574179799.3413663, 1574179800.1143649, 1574179800.6711202, 1574179801.4486146, 1574179801.9619138, 1574179802.7338297], "initial_reset_timestamp": 1574179756.0571556, "episode_types": ["t", "t", "t", "t", "t", "t", "t", "t", "t", "t", "t", "t", "t", "t", "t", "t", "t", "t", "t", "t", "t", "t", "t", "t", "t", "t", "t", "t", "t", "t", "t", "t", "t", "t", "t", "t", "t", "t", "t", "t", "t", "t", "t", "t", "t", "t", "t", "t", "t", "t", "t", "t", "t", "t", "t", "t", "t", "t", "t", "t", "t", "t", "t", "t", "t", "t", "t", "t", "t", "t", "t", "t", "t", "t"], "episode_lengths": [18, 25, 13, 21, 20, 15, 41, 89, 48, 40, 47, 200, 200, 170, 187, 200, 185, 167, 200, 153, 200, 200, 200, 200, 200, 200, 200, 200, 200, 200, 200, 200, 200, 200, 200, 200, 200, 200, 200, 200, 200, 200, 200, 200, 200, 200, 200, 200, 200, 200, 200, 200, 200, 166, 101, 10, 200, 200, 200, 200, 200, 200, 200, 200, 200, 200, 200, 200, 200, 200, 200, 200, 200], "episode_rewards": [18.0, 25.0, 13.0, 21.0, 20.0, 15.0, 41.0, 89.0, 48.0, 40.0, 47.0, 200.0, 200.0, 170.0, 187.0, 200.0, 185.0, 167.0, 200.0, 153.0, 200.0, 200.0, 200.0, 200.0, 200.0, 200.0, 200.0, 200.0, 200.0, 200.0, 200.0, 200.0, 200.0, 200.0, 200.0, 200.0, 200.0, 200.0, 200.0, 200.0, 200.0, 200.0, 200.0, 200.0, 200.0, 200.0, 200.0, 200.0, 200.0, 200.0, 200.0, 200.0, 200.0, 166.0, 101.0, 10.0, 200.0, 200.0, 200.0, 200.0, 200.0, 200.0, 200.0, 200.0, 200.0, 200.0, 200.0, 200.0, 200.0, 200.0, 200.0, 200.0, 200.0]}