{"timestamps": [1574179756.2291822, 1574179756.269001, 1574179756.299293, 1574179756.3217208, 1574179756.3498652, 1574179756.3870142, 1574179756.4321182, 1574179756.835159, 1574179756.901901, 1574179757.2932057, 1574179757.3637195, 1574179757.4391973, 1574179757.8890193, 1574179758.5751293, 1574179759.185721, 1574179759.6821685, 1574179760.4290338, 1574179760.9761808, 1574179761.8252635, 1574179762.733926, 1574179763.7854786, 1574179764.3060522, 1574179765.0253727, 1574179765.7295003, 1574179766.6215298, 1574179767.513219, 1574179768.4751103, 1574179769.2721622, 1574179770.164476, 1574179770.9887393, 1574179771.7596762, 1574179772.3608985, 1574179773.3685799, 1574179773.958637, 1574179774.9292865, 1574179775.8975382, 1574179776.5342684, 1574179777.414397, 1574179778.0484886, 1574179778.8538692, 1574179779.7950666, 1574179780.330826, 1574179781.1044679, 1574179781.8334224, 1574179782.6655445, 1574179783.8870542, 1574179784.4697235, 1574179785.4236424, 1574179786.019713, 1574179786.7741518, 1574179787.5631769, 1574179788.0947347, 1574179788.8709917, 1574179789.3981519, 1574179790.2850058, 1574179791.1477497, 1574179791.600858, 1574179791.7698286, 1574179792.7082195, 1574179793.426287, 1574179793.9656637, 1574179794.660864, 1574179795.1305857, 1574179795.863439, 1574179796.558413, 1574179797.0429142, 1574179797.7362623, 1574179798.26326, 1574179798.9491432, 1574179799.663643, 1574179800.2611747, 1574179800.9985914, 1574179801.5980432, 1574179802.3134031], "initial_reset_timestamp": 1574179756.0620856, "episode_types": ["t", "t", "t", "t", "t", "t", "t", "t", "t", "t", "t", "t", "t", "t", "t", "t", "t", "t", "t", "t", "t", "t", "t", "t", "t", "t", "t", "t", "t", "t", "t", "t", "t", "t", "t", "t", "t", "t", "t", "t", "t", "t", "t", "t", "t", "t", "t", "t", "t", "t", "t", "t", "t", "t", "t", "t", "t", "t", "t", "t", "t", "t", "t", "t", "t", "t", "t", "t", "t", "t", "t", "t", "t", "t", "t"], "episode_lengths": [43, 16, 12, 9, 10, 15, 15, 63, 35, 47, 40, 42, 133, 147, 199, 160, 178, 200, 192, 171, 200, 172, 200, 200, 200, 200, 200, 200, 200, 200, 200, 200, 200, 200, 200, 200, 200, 200, 200, 200, 200, 200, 200, 200, 200, 200, 200, 200, 200, 200, 200, 200, 200, 200, 200, 200, 65, 36, 200, 200, 200, 200, 200, 200, 200, 200, 200, 200, 200, 200, 200, 200, 200, 200], "episode_rewards": [43.0, 16.0, 12.0, 9.0, 10.0, 15.0, 15.0, 63.0, 35.0, 47.0, 40.0, 42.0, 133.0, 147.0, 199.0, 160.0, 178.0, 200.0, 192.0, 171.0, 200.0, 172.0, 200.0, 200.0, 200.0, 200.0, 200.0, 200.0, 200.0, 200.0, 200.0, 200.0, 200.0, 200.0, 200.0, 200.0, 200.0, 200.0, 200.0, 200.0, 200.0, 200.0, 200.0, 200.0, 200.0, 200.0, 200.0, 200.0, 200.0, 200.0, 200.0, 200.0, 200.0, 200.0, 200.0, 200.0, 65.0, 36.0, 200.0, 200.0, 200.0, 200.0, 200.0, 200.0, 200.0, 200.0, 200.0, 200.0, 200.0, 200.0, 200.0, 200.0, 200.0, 200.0]}