{"timestamps": [1574179756.1726713, 1574179756.302778, 1574179756.354843, 1574179756.41428, 1574179756.749182, 1574179756.8583758, 1574179756.9551198, 1574179757.419411, 1574179758.1840427, 1574179758.7682126, 1574179759.1488817, 1574179759.6494198, 1574179760.0511293, 1574179760.820452, 1574179761.3894122, 1574179762.4778178, 1574179763.361289, 1574179764.2611144, 1574179764.9789615, 1574179765.6760335, 1574179766.5741777, 1574179767.1568675, 1574179768.426814, 1574179769.2290747, 1574179770.1138258, 1574179770.9479365, 1574179771.519161, 1574179772.3150032, 1574179773.3317914, 1574179773.9140491, 1574179774.8930097, 1574179775.4510424, 1574179776.4867747, 1574179777.3628573, 1574179778.0001915, 1574179778.7974224, 1574179779.4684234, 1574179780.287585, 1574179781.062678, 1574179781.7753253, 1574179782.6163316, 1574179783.4276226, 1574179784.4213333, 1574179785.3734546, 1574179785.975352, 1574179786.7381814, 1574179787.2466166, 1574179788.050504, 1574179788.8311317, 1574179789.3570898, 1574179790.2445772, 1574179790.8549623, 1574179792.0629578, 1574179792.7168674, 1574179793.433576, 1574179793.9745874, 1574179794.6678705, 1574179795.323525, 1574179795.8727703, 1574179796.5659993, 1574179797.0512488, 1574179797.7441304, 1574179798.453926, 1574179798.9574537, 1574179799.670995, 1574179800.269351, 1574179801.0065892, 1574179801.791003, 1574179802.3211553], "initial_reset_timestamp": 1574179756.056088, "episode_types": ["t", "t", "t", "t", "t", "t", "t", "t", "t", "t", "t", "t", "t", "t", "t", "t", "t", "t", "t", "t", "t", "t", "t", "t", "t", "t", "t", "t", "t", "t", "t", "t", "t", "t", "t", "t", "t", "t", "t", "t", "t", "t", "t", "t", "t", "t", "t", "t", "t", "t", "t", "t", "t", "t", "t", "t", "t", "t", "t", "t", "t", "t", "t", "t", "t", "t", "t", "t", "t", "t"], "episode_lengths": [26, 47, 19, 23, 22, 59, 53, 85, 200, 194, 80, 160, 106, 200, 200, 200, 200, 200, 200, 200, 200, 200, 200, 200, 200, 200, 200, 200, 200, 200, 200, 200, 200, 200, 200, 200, 200, 200, 200, 200, 200, 200, 200, 200, 200, 200, 200, 200, 200, 200, 200, 200, 129, 200, 200, 200, 200, 200, 200, 200, 200, 200, 200, 200, 200, 200, 200, 200, 200], "episode_rewards": [26.0, 47.0, 19.0, 23.0, 22.0, 59.0, 53.0, 85.0, 200.0, 194.0, 80.0, 160.0, 106.0, 200.0, 200.0, 200.0, 200.0, 200.0, 200.0, 200.0, 200.0, 200.0, 200.0, 200.0, 200.0, 200.0, 200.0, 200.0, 200.0, 200.0, 200.0, 200.0, 200.0, 200.0, 200.0, 200.0, 200.0, 200.0, 200.0, 200.0, 200.0, 200.0, 200.0, 200.0, 200.0, 200.0, 200.0, 200.0, 200.0, 200.0, 200.0, 200.0, 129.0, 200.0, 200.0, 200.0, 200.0, 200.0, 200.0, 200.0, 200.0, 200.0, 200.0, 200.0, 200.0, 200.0, 200.0, 200.0, 200.0]}