{"timestamps": [1574179756.1864073, 1574179756.238367, 1574179756.3560522, 1574179756.3886738, 1574179756.434948, 1574179756.7352514, 1574179756.798997, 1574179756.8486774, 1574179756.9416742, 1574179757.3251305, 1574179757.753366, 1574179758.2255008, 1574179759.0238001, 1574179759.5424654, 1574179760.0107503, 1574179760.7740016, 1574179761.3485656, 1574179762.3553514, 1574179763.3247435, 1574179764.2162364, 1574179764.7276952, 1574179765.5969849, 1574179766.5210774, 1574179767.0892866, 1574179768.3729417, 1574179768.9494905, 1574179770.0456467, 1574179770.9052734, 1574179771.4740462, 1574179772.2681234, 1574179773.0992672, 1574179773.8660343, 1574179774.8551912, 1574179775.4064991, 1574179776.4341958, 1574179777.0625498, 1574179777.9404132, 1574179778.7392833, 1574179779.4163597, 1574179780.248737, 1574179780.7960367, 1574179781.7029874, 1574179782.57655, 1574179783.3081858, 1574179784.3748236, 1574179785.0812309, 1574179785.9295146, 1574179786.700351, 1574179787.2033799, 1574179788.0042677, 1574179788.5740361, 1574179789.3145206, 1574179790.1620576, 1574179790.8036768, 1574179791.1425486, 1574179791.514973, 1574179791.587836, 1574179791.660912, 1574179791.7099922, 1574179792.6761754, 1574179793.396823, 1574179793.9320529, 1574179794.6372497, 1574179795.0992296, 1574179795.831762, 1574179796.5331724, 1574179797.0130677, 1574179797.7116544, 1574179798.234257, 1574179798.9238362, 1574179799.6322598, 1574179800.234677, 1574179800.9746652, 1574179801.5713937, 1574179802.2850487], "initial_reset_timestamp": 1574179756.0620487, "episode_types": ["t", "t", "t", "t", "t", "t", "t", "t", "t", "t", "t", "t", "t", "t", "t", "t", "t", "t", "t", "t", "t", "t", "t", "t", "t", "t", "t", "t", "t", "t", "t", "t", "t", "t", "t", "t", "t", "t", "t", "t", "t", "t", "t", "t", "t", "t", "t", "t", "t", "t", "t", "t", "t", "t", "t", "t", "t", "t", "t", "t", "t", "t", "t", "t", "t", "t", "t", "t", "t", "t", "t", "t", "t", "t", "t", "t"], "episode_lengths": [29, 17, 46, 13, 16, 10, 31, 28, 52, 42, 121, 150, 200, 154, 143, 200, 200, 200, 200, 195, 200, 200, 200, 200, 200, 200, 200, 200, 200, 200, 200, 200, 200, 200, 200, 200, 200, 200, 200, 200, 200, 200, 200, 200, 200, 200, 200, 200, 200, 200, 200, 200, 200, 200, 49, 55, 11, 13, 10, 200, 200, 200, 200, 200, 200, 200, 200, 200, 200, 200, 200, 200, 200, 200, 200], "episode_rewards": [29.0, 17.0, 46.0, 13.0, 16.0, 10.0, 31.0, 28.0, 52.0, 42.0, 121.0, 150.0, 200.0, 154.0, 143.0, 200.0, 200.0, 200.0, 200.0, 195.0, 200.0, 200.0, 200.0, 200.0, 200.0, 200.0, 200.0, 200.0, 200.0, 200.0, 200.0, 200.0, 200.0, 200.0, 200.0, 200.0, 200.0, 200.0, 200.0, 200.0, 200.0, 200.0, 200.0, 200.0, 200.0, 200.0, 200.0, 200.0, 200.0, 200.0, 200.0, 200.0, 200.0, 200.0, 49.0, 55.0, 11.0, 13.0, 10.0, 200.0, 200.0, 200.0, 200.0, 200.0, 200.0, 200.0, 200.0, 200.0, 200.0, 200.0, 200.0, 200.0, 200.0, 200.0, 200.0]}