{"timestamps": [1574179756.196671, 1574179756.2408605, 1574179756.3118124, 1574179756.3512142, 1574179756.4349446, 1574179756.7497635, 1574179756.8237338, 1574179756.9579954, 1574179757.401737, 1574179757.4576657, 1574179758.1819916, 1574179758.7227283, 1574179759.5320542, 1574179760.108645, 1574179760.8206882, 1574179761.3900018, 1574179762.4762936, 1574179763.3614717, 1574179764.2269006, 1574179764.9393926, 1574179765.6162143, 1574179766.530516, 1574179767.1006236, 1574179768.3847766, 1574179769.1689131, 1574179770.0734057, 1574179770.9158044, 1574179771.4846299, 1574179772.279474, 1574179773.286906, 1574179773.8789275, 1574179774.864166, 1574179775.41727, 1574179776.4474154, 1574179777.3162107, 1574179777.9544065, 1574179778.752497, 1574179779.4313061, 1574179780.2582548, 1574179781.020868, 1574179781.720379, 1574179782.5860152, 1574179783.3246622, 1574179784.3853564, 1574179785.324399, 1574179785.9429886, 1574179786.7094393, 1574179787.2136366, 1574179788.0195458, 1574179788.7890477, 1574179789.324122, 1574179790.180066, 1574179790.8147044, 1574179791.5298073, 1574179791.591962, 1574179792.6373608, 1574179793.161139, 1574179793.885802, 1574179794.6004314, 1574179795.0617774, 1574179795.7882504, 1574179796.2940807, 1574179796.9747176, 1574179797.6776738, 1574179798.192303, 1574179798.8897305, 1574179799.4197989, 1574179800.1935391, 1574179800.9380379, 1574179801.5323904, 1574179802.2477431, 1574179802.8158865], "initial_reset_timestamp": 1574179756.0574977, "episode_types": ["t", "t", "t", "t", "t", "t", "t", "t", "t", "t", "t", "t", "t", "t", "t", "t", "t", "t", "t", "t", "t", "t", "t", "t", "t", "t", "t", "t", "t", "t", "t", "t", "t", "t", "t", "t", "t", "t", "t", "t", "t", "t", "t", "t", "t", "t", "t", "t", "t", "t", "t", "t", "t", "t", "t", "t", "t", "t", "t", "t", "t", "t", "t", "t", "t", "t", "t", "t", "t", "t", "t", "t", "t"], "episode_lengths": [31, 16, 29, 14, 31, 16, 39, 74, 75, 33, 175, 170, 200, 200, 171, 200, 200, 200, 179, 200, 200, 200, 200, 200, 200, 200, 200, 200, 200, 200, 200, 200, 200, 200, 200, 200, 200, 200, 200, 200, 200, 200, 200, 200, 200, 200, 200, 200, 200, 200, 200, 200, 200, 101, 9, 200, 200, 200, 200, 200, 200, 200, 200, 200, 200, 200, 200, 200, 200, 200, 200, 200], "episode_rewards": [31.0, 16.0, 29.0, 14.0, 31.0, 16.0, 39.0, 74.0, 75.0, 33.0, 175.0, 170.0, 200.0, 200.0, 171.0, 200.0, 200.0, 200.0, 179.0, 200.0, 200.0, 200.0, 200.0, 200.0, 200.0, 200.0, 200.0, 200.0, 200.0, 200.0, 200.0, 200.0, 200.0, 200.0, 200.0, 200.0, 200.0, 200.0, 200.0, 200.0, 200.0, 200.0, 200.0, 200.0, 200.0, 200.0, 200.0, 200.0, 200.0, 200.0, 200.0, 200.0, 200.0, 101.0, 9.0, 200.0, 200.0, 200.0, 200.0, 200.0, 200.0, 200.0, 200.0, 200.0, 200.0, 200.0, 200.0, 200.0, 200.0, 200.0, 200.0, 200.0]}