{"timestamps": [1574179756.1462772, 1574179756.213485, 1574179756.2560985, 1574179756.3194284, 1574179756.384995, 1574179756.4201021, 1574179756.7249818, 1574179756.8088427, 1574179756.8650687, 1574179757.3243232, 1574179757.3773477, 1574179757.7875264, 1574179758.2492478, 1574179759.0401726, 1574179759.5228655, 1574179759.9927506, 1574179760.567063, 1574179761.3275912, 1574179762.3055303, 1574179763.2616034, 1574179763.8874712, 1574179764.6237507, 1574179765.4610276, 1574179766.1477861, 1574179766.981508, 1574179767.9325795, 1574179768.849969, 1574179769.7677588, 1574179770.557478, 1574179771.3522112, 1574179771.918389, 1574179772.9691858, 1574179773.7283654, 1574179774.5789964, 1574179775.3024015, 1574179776.0977554, 1574179776.9321811, 1574179777.8349206, 1574179778.4110305, 1574179779.2799466, 1574179779.9416597, 1574179780.6839278, 1574179781.5839767, 1574179782.2723517, 1574179783.1553102, 1574179784.0640016, 1574179784.9417577, 1574179785.8248487, 1574179786.405102, 1574179787.0985184, 1574179787.6965172, 1574179788.4642642, 1574179789.2242737, 1574179789.7791722, 1574179790.6858, 1574179791.455136, 1574179791.7504745, 1574179792.6984735, 1574179793.420565, 1574179793.9592957, 1574179794.6557071, 1574179795.1240091, 1574179795.8564558, 1574179796.5532448, 1574179797.0374932, 1574179797.7311664, 1574179798.2568705, 1574179798.9437997, 1574179799.6569774, 1574179800.2557821, 1574179800.993413, 1574179801.5923061, 1574179802.3052769], "initial_reset_timestamp": 1574179756.0581448, "episode_types": ["t", "t", "t", "t", "t", "t", "t", "t", "t", "t", "t", "t", "t", "t", "t", "t", "t", "t", "t", "t", "t", "t", "t", "t", "t", "t", "t", "t", "t", "t", "t", "t", "t", "t", "t", "t", "t", "t", "t", "t", "t", "t", "t", "t", "t", "t", "t", "t", "t", "t", "t", "t", "t", "t", "t", "t", "t", "t", "t", "t", "t", "t", "t", "t", "t", "t", "t", "t", "t", "t", "t", "t", "t", "t"], "episode_lengths": [15, 21, 18, 25, 25, 12, 11, 41, 29, 87, 29, 111, 141, 195, 138, 144, 200, 200, 200, 168, 175, 200, 200, 200, 200, 200, 200, 200, 200, 200, 200, 200, 200, 200, 200, 200, 200, 200, 200, 200, 200, 200, 200, 200, 200, 200, 200, 200, 200, 200, 200, 200, 200, 200, 200, 158, 54, 200, 200, 200, 200, 200, 200, 200, 200, 200, 200, 200, 200, 200, 200, 200, 200], "episode_rewards": [15.0, 21.0, 18.0, 25.0, 25.0, 12.0, 11.0, 41.0, 29.0, 87.0, 29.0, 111.0, 141.0, 195.0, 138.0, 144.0, 200.0, 200.0, 200.0, 168.0, 175.0, 200.0, 200.0, 200.0, 200.0, 200.0, 200.0, 200.0, 200.0, 200.0, 200.0, 200.0, 200.0, 200.0, 200.0, 200.0, 200.0, 200.0, 200.0, 200.0, 200.0, 200.0, 200.0, 200.0, 200.0, 200.0, 200.0, 200.0, 200.0, 200.0, 200.0, 200.0, 200.0, 200.0, 200.0, 158.0, 54.0, 200.0, 200.0, 200.0, 200.0, 200.0, 200.0, 200.0, 200.0, 200.0, 200.0, 200.0, 200.0, 200.0, 200.0, 200.0, 200.0]}