{"timestamps": [1574179756.3272245, 1574179756.4392655, 1574179756.7592652, 1574179756.7947366, 1574179756.843662, 1574179757.2614398, 1574179757.3273847, 1574179757.7915967, 1574179758.358946, 1574179759.1614494, 1574179759.6227777, 1574179759.983288, 1574179760.5481305, 1574179761.3098655, 1574179762.2433288, 1574179763.190969, 1574179763.8692994, 1574179764.60892, 1574179765.412587, 1574179766.1275759, 1574179766.9665108, 1574179767.9091227, 1574179768.8338387, 1574179769.7267146, 1574179770.5410504, 1574179771.338075, 1574179771.9001412, 1574179772.930587, 1574179773.7115014, 1574179774.5550451, 1574179775.2817626, 1574179776.0771134, 1574179776.914055, 1574179777.815388, 1574179778.3911119, 1574179779.2529175, 1574179779.9261503, 1574179780.6640186, 1574179781.5643034, 1574179782.2586765, 1574179783.1357791, 1574179784.0441272, 1574179784.9238796, 1574179785.802173, 1574179786.3892312, 1574179787.0854406, 1574179787.6826684, 1574179788.4445407, 1574179789.2027075, 1574179789.7629426, 1574179790.6698477, 1574179791.666676, 1574179792.660739, 1574179793.381354, 1574179793.9128225, 1574179794.6238766, 1574179795.0817354, 1574179795.81131, 1574179796.5197272, 1574179796.9950168, 1574179797.6976254, 1574179798.2152426, 1574179798.909798, 1574179799.6141455, 1574179800.2164576, 1574179800.9615338, 1574179801.5561738, 1574179802.2704253], "initial_reset_timestamp": 1574179756.06153, "episode_types": ["t", "t", "t", "t", "t", "t", "t", "t", "t", "t", "t", "t", "t", "t", "t", "t", "t", "t", "t", "t", "t", "t", "t", "t", "t", "t", "t", "t", "t", "t", "t", "t", "t", "t", "t", "t", "t", "t", "t", "t", "t", "t", "t", "t", "t", "t", "t", "t", "t", "t", "t", "t", "t", "t", "t", "t", "t", "t", "t", "t", "t", "t", "t", "t", "t", "t", "t", "t", "t"], "episode_lengths": [81, 42, 19, 18, 28, 63, 34, 140, 198, 192, 137, 84, 195, 200, 200, 156, 189, 200, 200, 200, 200, 200, 200, 200, 200, 200, 200, 200, 200, 200, 200, 200, 200, 200, 200, 200, 200, 200, 200, 200, 200, 200, 200, 200, 200, 200, 200, 200, 200, 200, 200, 200, 200, 200, 200, 200, 200, 200, 200, 200, 200, 200, 200, 200, 200, 200, 200, 200], "episode_rewards": [81.0, 42.0, 19.0, 18.0, 28.0, 63.0, 34.0, 140.0, 198.0, 192.0, 137.0, 84.0, 195.0, 200.0, 200.0, 156.0, 189.0, 200.0, 200.0, 200.0, 200.0, 200.0, 200.0, 200.0, 200.0, 200.0, 200.0, 200.0, 200.0, 200.0, 200.0, 200.0, 200.0, 200.0, 200.0, 200.0, 200.0, 200.0, 200.0, 200.0, 200.0, 200.0, 200.0, 200.0, 200.0, 200.0, 200.0, 200.0, 200.0, 200.0, 200.0, 200.0, 200.0, 200.0, 200.0, 200.0, 200.0, 200.0, 200.0, 200.0, 200.0, 200.0, 200.0, 200.0, 200.0, 200.0, 200.0, 200.0]}