{"Epoch": 841, "TotalNEpisodes": 0, "TotalNSamples": 0.0, "Entropy": 1.4534145593643188, "Perplexity": 4.277696132659912, "AveragePolicyProb[0]": 0.1464352160692215, "AveragePolicyProb[1]": 0.15669912099838257, "AveragePolicyProb[2]": 0.29741477966308594, "AveragePolicyProb[3]": 0.10278169065713882, "AveragePolicyProb[4]": 0.29514938592910767, "AveragePolicyProb[5]": 0.0015186523087322712, "|VfPred|": 2.865021228790283, "|VfTarget|": 2.844088554382324, "VfLoss": 0.04182806238532066}
