{"Iteration": 0, "ExpectedImprovement": 0.0060282060876488686, "ActualImprovement": 0.004742791410535574, "ImprovementRatio": 0.7867666336512669, "MeanKL": 0.008373666554689407, "Entropy": 1.4189382791519165, "Perplexity": 4.132730484008789, "AveragePolicyStd": 1.0, "AveragePolicyStd[0]": 1.0, "AverageReturn": -1125.3833672603125, "MinReturn": -1816.024281347436, "MaxReturn": -843.094290960602, "StdReturn": 189.12951478507614, "AverageEpisodeLength": 200.0, "MinEpisodeLength": 200.0, "MaxEpisodeLength": 200.0, "StdEpisodeLength": 0.0, "TotalNEpisodes": 48, "TotalNSamples": 9600.0, "ExplainedVariance": -0.0010831812997975643}
{"Iteration": 1, "ExpectedImprovement": 0.005247842986136675, "ActualImprovement": 0.00713534441143282, "ImprovementRatio": 1.359671855709554, "MeanKL": 0.00949711725115776, "Entropy": 1.4202181100845337, "Perplexity": 4.1380228996276855, "AveragePolicyStd": 1.0012805461883545, "AveragePolicyStd[0]": 1.0012805461883545, "AverageReturn": -1157.1905918502496, "MinReturn": -1816.024281347436, "MaxReturn": -843.094290960602, "StdReturn": 187.68794078416997, "AverageEpisodeLength": 200.0, "MinEpisodeLength": 200.0, "MaxEpisodeLength": 200.0, "StdEpisodeLength": 0.0, "TotalNEpisodes": 96, "TotalNSamples": 19200.0, "ExplainedVariance": 0.09769335459861572}
{"Iteration": 2, "ExpectedImprovement": 0.005288609769195318, "ActualImprovement": 0.004921447693556624, "ImprovementRatio": 0.93057493525476, "MeanKL": 0.009795968420803547, "Entropy": 1.4727016687393188, "Perplexity": 4.361001014709473, "AveragePolicyStd": 1.055234670639038, "AveragePolicyStd[0]": 1.055234670639038, "AverageReturn": -1151.3322746689582, "MinReturn": -1618.982015472563, "MaxReturn": -845.1114756249343, "StdReturn": 172.40741743707903, "AverageEpisodeLength": 200.0, "MinEpisodeLength": 200.0, "MaxEpisodeLength": 200.0, "StdEpisodeLength": 0.0, "TotalNEpisodes": 144, "TotalNSamples": 28800.0, "ExplainedVariance": 0.19584544933788406}
{"Iteration": 3, "ExpectedImprovement": 0.0036887925118207934, "ActualImprovement": 0.0036962584126740694, "ImprovementRatio": 1.0020239416636614, "MeanKL": 0.008473996073007584, "Entropy": 1.5496132373809814, "Perplexity": 4.709648132324219, "AveragePolicyStd": 1.1395968198776245, "AveragePolicyStd[0]": 1.1395968198776245, "AverageReturn": -1121.5503815668044, "MinReturn": -1618.982015472563, "MaxReturn": -845.1114756249343, "StdReturn": 161.23444204216722, "AverageEpisodeLength": 200.0, "MinEpisodeLength": 200.0, "MaxEpisodeLength": 200.0, "StdEpisodeLength": 0.0, "TotalNEpisodes": 192, "TotalNSamples": 38400.0, "ExplainedVariance": 0.2728025567784579}
{"Iteration": 4, "ExpectedImprovement": 0.004479565471410751, "ActualImprovement": 0.003735198872163892, "ImprovementRatio": 0.833830623975134, "MeanKL": 0.006570490077137947, "Entropy": 1.495330572128296, "Perplexity": 4.460811138153076, "AveragePolicyStd": 1.0793856382369995, "AveragePolicyStd[0]": 1.0793856382369995, "AverageReturn": -1081.259837258764, "MinReturn": -1580.0268723257816, "MaxReturn": -747.166800559425, "StdReturn": 151.28196322950618, "AverageEpisodeLength": 200.0, "MinEpisodeLength": 200.0, "MaxEpisodeLength": 200.0, "StdEpisodeLength": 0.0, "TotalNEpisodes": 240, "TotalNSamples": 48000.0, "ExplainedVariance": 0.26663594142658054}
{"Iteration": 5, "ExpectedImprovement": 0.00566837638616562, "ActualImprovement": 0.005160113380849207, "ImprovementRatio": 0.9103335821952664, "MeanKL": 0.00711574824526906, "Entropy": 1.4916956424713135, "Perplexity": 4.4446258544921875, "AveragePolicyStd": 1.075469732284546, "AveragePolicyStd[0]": 1.075469732284546, "AverageReturn": -1045.1646283072757, "MinReturn": -1473.3992386192567, "MaxReturn": -747.166800559425, "StdReturn": 130.49372383295233, "AverageEpisodeLength": 200.0, "MinEpisodeLength": 200.0, "MaxEpisodeLength": 200.0, "StdEpisodeLength": 0.0, "TotalNEpisodes": 288, "TotalNSamples": 57600.0, "ExplainedVariance": 0.4113879898348779}
{"Iteration": 6, "ExpectedImprovement": 0.008041555993258953, "ActualImprovement": 0.006287066265940666, "ImprovementRatio": 0.7818221089563967, "MeanKL": 0.008567054755985737, "Entropy": 1.4796770811080933, "Perplexity": 4.39152717590332, "AveragePolicyStd": 1.062620997428894, "AveragePolicyStd[0]": 1.062620997428894, "AverageReturn": -1059.7139251440592, "MinReturn": -1473.3992386192567, "MaxReturn": -872.3640294782558, "StdReturn": 133.91574128444535, "AverageEpisodeLength": 200.0, "MinEpisodeLength": 200.0, "MaxEpisodeLength": 200.0, "StdEpisodeLength": 0.0, "TotalNEpisodes": 336, "TotalNSamples": 67200.0, "ExplainedVariance": 0.496688582476676}
