{"Iteration": 0, "Steps": 999, "Epsilon": 0.905095, "Episodes": 58, "AverageReturn": 0.0, "AverageDiscountedReturn": 0.0, "TDError^2": NaN}
{"Iteration": 1, "Steps": 1999, "Epsilon": 0.810095, "Episodes": 115, "AverageReturn": 0.4, "AverageDiscountedReturn": 0.33672433735428103, "TDError^2": 0.006598830223083496}
{"Iteration": 2, "Steps": 2999, "Epsilon": 0.715095, "Episodes": 192, "AverageReturn": 0.2, "AverageDiscountedReturn": 0.18553721249088043, "TDError^2": 0.011157553642988205}
{"Iteration": 3, "Steps": 3999, "Epsilon": 0.6200950000000001, "Episodes": 274, "AverageReturn": 0.5, "AverageDiscountedReturn": 0.4385640105391704, "TDError^2": 0.01750064082443714}
{"Iteration": 4, "Steps": 4999, "Epsilon": 0.5250950000000001, "Episodes": 368, "AverageReturn": 0.6, "AverageDiscountedReturn": 0.5435027259315132, "TDError^2": 0.024483520537614822}
{"Iteration": 5, "Steps": 5999, "Epsilon": 0.430095, "Episodes": 466, "AverageReturn": 0.7, "AverageDiscountedReturn": 0.6326044326644484, "TDError^2": 0.022477615624666214}
{"Iteration": 6, "Steps": 6999, "Epsilon": 0.33509500000000003, "Episodes": 576, "AverageReturn": 0.8, "AverageDiscountedReturn": 0.7305322942830753, "TDError^2": 0.024390721693634987}
{"Iteration": 7, "Steps": 7999, "Epsilon": 0.24009499999999995, "Episodes": 707, "AverageReturn": 0.8, "AverageDiscountedReturn": 0.743947077020443, "TDError^2": 0.02577756717801094}
{"Iteration": 8, "Steps": 8999, "Epsilon": 0.14509499999999997, "Episodes": 847, "AverageReturn": 1.0, "AverageDiscountedReturn": 0.9387689737697201, "TDError^2": 0.021658074110746384}
{"Iteration": 9, "Steps": 9999, "Epsilon": 0.050095, "Episodes": 1003, "AverageReturn": 0.9, "AverageDiscountedReturn": 0.8558910449099999, "TDError^2": 0.021557331085205078}
{"Iteration": 10, "Steps": 10999, "Epsilon": 0.050000000000000044, "Episodes": 1161, "AverageReturn": 1.0, "AverageDiscountedReturn": 0.946254119451498, "TDError^2": 0.02249090187251568}
{"Iteration": 11, "Steps": 11999, "Epsilon": 0.050000000000000044, "Episodes": 1319, "AverageReturn": 1.0, "AverageDiscountedReturn": 0.948146589650799, "TDError^2": 0.023577075451612473}
{"Iteration": 12, "Steps": 12999, "Epsilon": 0.050000000000000044, "Episodes": 1477, "AverageReturn": 0.9, "AverageDiscountedReturn": 0.8558910449099999, "TDError^2": 0.020689714699983597}
{"Iteration": 13, "Steps": 13999, "Epsilon": 0.050000000000000044, "Episodes": 1634, "AverageReturn": 1.0, "AverageDiscountedReturn": 0.9462541194514978, "TDError^2": 0.017542485147714615}
{"Iteration": 14, "Steps": 14999, "Epsilon": 0.050000000000000044, "Episodes": 1793, "AverageReturn": 1.0, "AverageDiscountedReturn": 0.9472051095013979, "TDError^2": 0.011767201125621796}
{"Iteration": 15, "Steps": 15999, "Epsilon": 0.050000000000000044, "Episodes": 1955, "AverageReturn": 1.0, "AverageDiscountedReturn": 0.9490975797006989, "TDError^2": 0.010031158104538918}
{"Iteration": 16, "Steps": 16999, "Epsilon": 0.050000000000000044, "Episodes": 2114, "AverageReturn": 0.9, "AverageDiscountedReturn": 0.8558910449099999, "TDError^2": 0.007541309110820293}
{"Iteration": 17, "Steps": 17999, "Epsilon": 0.050000000000000044, "Episodes": 2272, "AverageReturn": 1.0, "AverageDiscountedReturn": 0.9490975797006989, "TDError^2": 0.005519676022231579}
{"Iteration": 18, "Steps": 18999, "Epsilon": 0.050000000000000044, "Episodes": 2431, "AverageReturn": 0.9, "AverageDiscountedReturn": 0.852115519312892, "TDError^2": 0.0037826350890100002}
{"Iteration": 19, "Steps": 19999, "Epsilon": 0.050000000000000044, "Episodes": 2591, "AverageReturn": 1.0, "AverageDiscountedReturn": 0.946254119451498, "TDError^2": 0.0025269470643252134}
{"Iteration": 20, "Steps": 20999, "Epsilon": 0.050000000000000044, "Episodes": 2752, "AverageReturn": 1.0, "AverageDiscountedReturn": 0.9500390598501, "TDError^2": 0.001701648230664432}
{"Iteration": 21, "Steps": 21999, "Epsilon": 0.050000000000000044, "Episodes": 2911, "AverageReturn": 1.0, "AverageDiscountedReturn": 0.9462730441534909, "TDError^2": 0.0011441685492172837}
{"Iteration": 22, "Steps": 22999, "Epsilon": 0.050000000000000044, "Episodes": 3073, "AverageReturn": 1.0, "AverageDiscountedReturn": 0.9490880698002, "TDError^2": 0.0007865484221838415}
{"Iteration": 23, "Steps": 23999, "Epsilon": 0.050000000000000044, "Episodes": 3234, "AverageReturn": 1.0, "AverageDiscountedReturn": 0.9500390598501, "TDError^2": 0.0005503712454810739}
{"Iteration": 24, "Steps": 24999, "Epsilon": 0.050000000000000044, "Episodes": 3394, "AverageReturn": 1.0, "AverageDiscountedReturn": 0.9500390598501, "TDError^2": 0.0006278047221712768}
{"Iteration": 25, "Steps": 25999, "Epsilon": 0.050000000000000044, "Episodes": 3553, "AverageReturn": 1.0, "AverageDiscountedReturn": 0.9509900498999999, "TDError^2": 0.0004703113518189639}
{"Iteration": 26, "Steps": 26999, "Epsilon": 0.050000000000000044, "Episodes": 3711, "AverageReturn": 1.0, "AverageDiscountedReturn": 0.947195599600899, "TDError^2": 0.00045044440776109695}
{"Iteration": 27, "Steps": 27999, "Epsilon": 0.050000000000000044, "Episodes": 3871, "AverageReturn": 1.0, "AverageDiscountedReturn": 0.948146589650799, "TDError^2": 0.0005721372435800731}
{"Iteration": 28, "Steps": 28999, "Epsilon": 0.050000000000000044, "Episodes": 4030, "AverageReturn": 1.0, "AverageDiscountedReturn": 0.9490975797006989, "TDError^2": 0.00044634175719693303}
{"Iteration": 29, "Steps": 29999, "Epsilon": 0.050000000000000044, "Episodes": 4190, "AverageReturn": 1.0, "AverageDiscountedReturn": 0.9509900498999999, "TDError^2": 0.0003845940809696913}
{"Iteration": 30, "Steps": 30999, "Epsilon": 0.050000000000000044, "Episodes": 4349, "AverageReturn": 1.0, "AverageDiscountedReturn": 0.9471955996008988, "TDError^2": 0.00026348535902798176}
{"Iteration": 31, "Steps": 31999, "Epsilon": 0.050000000000000044, "Episodes": 4510, "AverageReturn": 0.9, "AverageDiscountedReturn": 0.848358824269762, "TDError^2": 0.00032087170984596014}
{"Iteration": 32, "Steps": 32999, "Epsilon": 0.050000000000000044, "Episodes": 4669, "AverageReturn": 1.0, "AverageDiscountedReturn": 0.948146589650799, "TDError^2": 0.00019361641898285598}
{"Iteration": 33, "Steps": 33999, "Epsilon": 0.050000000000000044, "Episodes": 4829, "AverageReturn": 1.0, "AverageDiscountedReturn": 0.9453220541035909, "TDError^2": 0.00019031224655918777}
{"Iteration": 34, "Steps": 34999, "Epsilon": 0.050000000000000044, "Episodes": 4986, "AverageReturn": 1.0, "AverageDiscountedReturn": 0.948146589650799, "TDError^2": 0.0001819257449824363}
{"Iteration": 35, "Steps": 35999, "Epsilon": 0.050000000000000044, "Episodes": 5143, "AverageReturn": 1.0, "AverageDiscountedReturn": 0.9490975797006989, "TDError^2": 9.718266665004194e-05}
{"Iteration": 36, "Steps": 36999, "Epsilon": 0.050000000000000044, "Episodes": 5300, "AverageReturn": 1.0, "AverageDiscountedReturn": 0.9500390598501, "TDError^2": 0.00010802978067658842}
{"Iteration": 37, "Steps": 37999, "Epsilon": 0.050000000000000044, "Episodes": 5461, "AverageReturn": 1.0, "AverageDiscountedReturn": 0.9509900498999999, "TDError^2": 6.082208710722625e-05}
{"Iteration": 38, "Steps": 38999, "Epsilon": 0.050000000000000044, "Episodes": 5619, "AverageReturn": 1.0, "AverageDiscountedReturn": 0.9406889398873695, "TDError^2": 4.338895814726129e-05}
{"Iteration": 39, "Steps": 39999, "Epsilon": 0.050000000000000044, "Episodes": 5780, "AverageReturn": 0.9, "AverageDiscountedReturn": 0.851192774618464, "TDError^2": 3.4725064324447885e-05}
{"Iteration": 40, "Steps": 40999, "Epsilon": 0.050000000000000044, "Episodes": 5938, "AverageReturn": 1.0, "AverageDiscountedReturn": 0.946254119451498, "TDError^2": 1.683191476331558e-05}
{"Iteration": 41, "Steps": 41999, "Epsilon": 0.050000000000000044, "Episodes": 6098, "AverageReturn": 0.9, "AverageDiscountedReturn": 0.853998574710699, "TDError^2": 0.00010563436080701649}
{"Iteration": 42, "Steps": 42999, "Epsilon": 0.050000000000000044, "Episodes": 6260, "AverageReturn": 1.0, "AverageDiscountedReturn": 0.948146589650799,