{"Iteration": 0, "ExpectedImprovement": 0.03079717978835106, "ActualImprovement": 0.02202228738367562, "ImprovementRatio": 0.7150748066875099, "MeanKL": 0.006812870502471924, "Entropy": 0.6924999356269836, "Perplexity": 1.9987059831619263, "AveragePolicyProb[0]": 0.5015509128570557, "AveragePolicyProb[1]": 0.4984491169452667, "AverageReturn": 23.46153846153846, "MinReturn": 9.0, "MaxReturn": 81.0, "StdReturn": 11.748095653308665, "AverageEpisodeLength": 23.46153846153846, "MinEpisodeLength": 9.0, "MaxEpisodeLength": 81.0, "StdEpisodeLength": 11.748095653308665, "TotalNEpisodes": 78, "TotalNSamples": 1830.0, "ExplainedVariance": -0.005866496424152823}
{"Iteration": 1, "ExpectedImprovement": 0.03161771893501282, "ActualImprovement": 0.02779237934947032, "ImprovementRatio": 0.8790127904734331, "MeanKL": 0.0068017663434147835, "Entropy": 0.6836187839508057, "Perplexity": 1.9810336828231812, "AveragePolicyProb[0]": 0.49815255403518677, "AveragePolicyProb[1]": 0.5018475651741028, "AverageReturn": 24.73, "MinReturn": 10.0, "MaxReturn": 68.0, "StdReturn": 12.289715212322863, "AverageEpisodeLength": 24.73, "MinEpisodeLength": 10.0, "MaxEpisodeLength": 68.0, "StdEpisodeLength": 12.289715212322863, "TotalNEpisodes": 153, "TotalNSamples": 3753.0, "ExplainedVariance": 0.25775713293165137}
{"Iteration": 2, "ExpectedImprovement": 0.038524940609931946, "ActualImprovement": 0.028545966237783382, "ImprovementRatio": 0.7409736598120562, "MeanKL": 0.009136170148849487, "Entropy": 0.6690306663513184, "Perplexity": 1.9523439407348633, "AveragePolicyProb[0]": 0.5127784609794617, "AveragePolicyProb[1]": 0.4872216284275055, "AverageReturn": 33.82, "MinReturn": 11.0, "MaxReturn": 99.0, "StdReturn": 18.767194782385566, "AverageEpisodeLength": 33.82, "MinEpisodeLength": 11.0, "MaxEpisodeLength": 99.0, "StdEpisodeLength": 18.767194782385566, "TotalNEpisodes": 205, "TotalNSamples": 5759.0, "ExplainedVariance": 0.28435589851409715}
{"Iteration": 3, "ExpectedImprovement": 0.04256238788366318, "ActualImprovement": 0.03205853292345928, "ImprovementRatio": 0.7532127429289367, "MeanKL": 0.0071553634479641914, "Entropy": 0.6482065916061401, "Perplexity": 1.9121085405349731, "AveragePolicyProb[0]": 0.535545825958252, "AveragePolicyProb[1]": 0.46445441246032715, "AverageReturn": 39.32, "MinReturn": 11.0, "MaxReturn": 108.0, "StdReturn": 23.452027630889404, "AverageEpisodeLength": 39.32, "MinEpisodeLength": 11.0, "MaxEpisodeLength": 108.0, "StdEpisodeLength": 23.452027630889404, "TotalNEpisodes": 231, "TotalNSamples": 7084.0, "ExplainedVariance": 0.2663209403929795}
