{"episode_rewards": [-1040.8575910318593, -1245.788780403352, -1082.3553847312924, -1108.3696496557639, -1040.3801494901672, -1153.4356259996068, -1215.8209483743985, -1238.4489849986987, -1030.1118457020448, -1013.4604068485922, -1393.5531411764562, -914.709235814102, -896.0949922677254, -896.0900468612106, -1101.7935043271323, -1268.1647221431767, -879.8526874478885, -1303.0880891587283, -1319.5363764747292, -1372.2530355568213, -890.6382684479338, -895.0563714481169, -765.1627929305557, -1007.4712007852377], "timestamps": [1574179960.9139678, 1574179961.9260592, 1574179962.5917904, 1574179965.308526, 1574179965.9976642, 1574179966.6896567, 1574179969.4098146, 1574179970.170637, 1574179971.4220693, 1574179974.817602, 1574179975.4058046, 1574179976.067009, 1574179979.2682178, 1574179980.1325848, 1574179981.036265, 1574179984.225492, 1574179984.8753483, 1574179985.43682, 1574179988.6842766, 1574179989.7029245, 1574179990.7921593, 1574179994.7387037, 1574179995.651268, 1574179996.5419292], "episode_lengths": [200, 200, 200, 200, 200, 200, 200, 200, 200, 200, 200, 200, 200, 200, 200, 200, 200, 200, 200, 200, 200, 200, 200, 200], "initial_reset_timestamp": 1574179960.039728, "episode_types": ["t", "t", "t", "t", "t", "t", "t", "t", "t", "t", "t", "t", "t", "t", "t", "t", "t", "t", "t", "t", "t", "t", "t", "t", "t"]}