{"episode_rewards": [-988.0355811979044, -877.8486468924785, -1152.2509570213742, -1012.1922230951154, -1035.8191655916125, -1564.2941882070031, -1035.1711576370085, -1108.8509631196935, -1172.7078129231006, -1445.3031209574474, -1307.2613338655838, -1031.9418778661861, -893.7113816864622, -903.7664072959819, -1396.9965951157174, -903.0281897603986, -923.4817552990526, -1254.3680374037385, -916.9430058089589, -1042.6126829966688, -964.7806965913728, -958.0610987755952, -865.4992351303902, -990.8314247255323], "timestamps": [1574179960.9186037, 1574179961.928052, 1574179962.59542, 1574179965.3123803, 1574179966.001535, 1574179966.6914628, 1574179969.4132586, 1574179970.1850123, 1574179971.4258761, 1574179974.8230817, 1574179975.4143481, 1574179976.061791, 1574179979.26904, 1574179980.1339521, 1574179981.0496128, 1574179984.2301733, 1574179984.877774, 1574179985.4302464, 1574179988.697222, 1574179989.710044, 1574179990.7934334, 1574179994.7390583, 1574179995.6593978, 1574179996.546257], "episode_lengths": [200, 200, 200, 200, 200, 200, 200, 200, 200, 200, 200, 200, 200, 200, 200, 200, 200, 200, 200, 200, 200, 200, 200, 200], "initial_reset_timestamp": 1574179960.050909, "episode_types": ["t", "t", "t", "t", "t", "t", "t", "t", "t", "t", "t", "t", "t", "t", "t", "t", "t", "t", "t", "t", "t", "t", "t", "t", "t"]}