{"episode_rewards": [-1036.6850933782375, -1023.5830582430823, -1099.4248829145483, -1070.6285231430065, -855.3006808422476, -1568.8041207362555, -1618.982015472563, -911.4758486144387, -1056.9610058357562, -915.9494337626217, -980.7269763151248, -1243.4935675202585, -1032.061803187551, -961.8982484372691, -984.1368478866633, -1013.1770965209661, -918.6558295627045, -996.6832351820563, -1034.704332319768, -983.4713089136244, -1027.979274855736, -977.1261260992072, -1117.012728531756, -926.8091204978317], "timestamps": [1574179960.9166121, 1574179961.9261749, 1574179962.5926857, 1574179965.3101828, 1574179965.9993682, 1574179966.6893926, 1574179969.4112442, 1574179970.1784227, 1574179971.4263804, 1574179974.8193488, 1574179975.4074411, 1574179976.0561838, 1574179979.2665372, 1574179980.1312883, 1574179981.0378416, 1574179984.22767, 1574179984.8752282, 1574179985.4276683, 1574179988.686524, 1574179989.702394, 1574179990.7904253, 1574179994.7392974, 1574179995.6499975, 1574179996.5434377], "episode_lengths": [200, 200, 200, 200, 200, 200, 200, 200, 200, 200, 200, 200, 200, 200, 200, 200, 200, 200, 200, 200, 200, 200, 200, 200], "initial_reset_timestamp": 1574179960.0412416, "episode_types": ["t", "t", "t", "t", "t", "t", "t", "t", "t", "t", "t", "t", "t", "t", "t", "t", "t", "t", "t", "t", "t", "t", "t", "t", "t"]}