{"episode_rewards": [-1067.4565389029326, -1162.2678551720758, -1156.8460295844582, -1078.6370126054412, -1107.688492666424, -1043.995218950351, -1108.4268988947995, -1030.4674052654634, -1371.7455703081969, -899.4863451922182, -1027.0294586248797, -1028.2138536493412, -977.4911794329645, -1038.0790211478402, -1005.5779543728905, -975.5303770501612, -883.5376550298067, -1014.6031001780183, -970.8062191421706, -1245.8133215066428, -1024.1095508030276, -997.4522301325513, -1101.0881640405491, -935.2476462055625], "timestamps": [1574179960.919526, 1574179961.93419, 1574179962.5962555, 1574179965.313374, 1574179966.0025318, 1574179966.6924205, 1574179969.4142723, 1574179970.1859899, 1574179971.426937, 1574179974.824263, 1574179975.414936, 1574179976.0635054, 1574179979.2700555, 1574179980.1349638, 1574179981.0504844, 1574179984.2312675, 1574179984.8789706, 1574179985.4323978, 1574179988.7008188, 1574179989.7158275, 1574179990.795769, 1574179994.7459986, 1574179995.660629, 1574179996.5524204], "episode_lengths": [200, 200, 200, 200, 200, 200, 200, 200, 200, 200, 200, 200, 200, 200, 200, 200, 200, 200, 200, 200, 200, 200, 200, 200], "initial_reset_timestamp": 1574179960.0512574, "episode_types": ["t", "t", "t", "t", "t", "t", "t", "t", "t", "t", "t", "t", "t", "t", "t", "t", "t", "t", "t", "t", "t", "t", "t", "t", "t"]}