{"episode_rewards": [-1109.9351614005705, -986.2687818723147, -1135.70704874239, -1092.4772662005626, -1076.5883933737714, -1028.4487277729506, -1093.4849384901418, -1020.3622478583608, -906.4425290966724, -1283.889796899958, -1045.9855230384314, -1043.8964181759845, -1249.9854943352263, -1057.7200562823764, -1088.6677594751716, -904.0881913765612, -1214.844373186305, -878.5026951673124, -1090.8081541245415, -872.3640294782558, -983.4063364141184, -986.6128417733656, -1335.1719445571673, -1116.5937589894613], "timestamps": [1574179960.917754, 1574179961.9276524, 1574179962.5944753, 1574179965.3112829, 1574179966.0012379, 1574179966.6904097, 1574179969.412423, 1574179970.1795495, 1574179971.4275746, 1574179974.8205009, 1574179975.4086304, 1574179976.0574324, 1574179979.2676811, 1574179980.1328156, 1574179981.039073, 1574179984.2289896, 1574179984.876497, 1574179985.429161, 1574179988.6879325, 1574179989.709537, 1574179990.792108, 1574179994.7470458, 1574179995.65163, 1574179996.5449507], "episode_lengths": [200, 200, 200, 200, 200, 200, 200, 200, 200, 200, 200, 200, 200, 200, 200, 200, 200, 200, 200, 200, 200, 200, 200, 200], "initial_reset_timestamp": 1574179960.0425656, "episode_types": ["t", "t", "t", "t", "t", "t", "t", "t", "t", "t", "t", "t", "t", "t", "t", "t", "t", "t", "t", "t", "t", "t", "t", "t", "t"]}