{"episode_rewards": [-863.2075885047595, -1688.8697949073498, -1154.9867209387048, -1617.1401381748324, -1245.3437566444902, -1568.0716998331404, -1002.7544558554783, -1581.8364913557803, -1111.8374678003104, -1202.1554678431544, -1580.0268723257816, -1005.4773597470218, -1309.6753095963938, -901.8231019926552, -1033.082962522465, -982.3307358122144, -986.6127213361158, -937.0251286359521, -980.4317399671583, -1011.4482497020845, -1107.198175286929, -1223.6231730165164, -1104.2149532741475, -1099.224900051566], "timestamps": [1574179960.9173095, 1574179961.9272287, 1574179962.5944128, 1574179965.3111973, 1574179966.000569, 1574179966.690497, 1574179969.412354, 1574179970.1838777, 1574179971.4245129, 1574179974.821806, 1574179975.4137907, 1574179976.0605116, 1574179979.267684, 1574179980.1328175, 1574179981.0389245, 1574179984.2289932, 1574179984.876356, 1574179985.4290955, 1574179988.6909053, 1574179989.7027757, 1574179990.7921104, 1574179994.738191, 1574179995.6513803, 1574179996.544943], "episode_lengths": [200, 200, 200, 200, 200, 200, 200, 200, 200, 200, 200, 200, 200, 200, 200, 200, 200, 200, 200, 200, 200, 200, 200, 200], "initial_reset_timestamp": 1574179960.0504434, "episode_types": ["t", "t", "t", "t", "t", "t", "t", "t", "t", "t", "t", "t", "t", "t", "t", "t", "t", "t", "t", "t", "t", "t", "t", "t", "t"]}