{"episode_rewards": [-1008.6899083551635, -1161.6476263406723, -1008.1085679995309, -1064.0924961530181, -1153.0654198180712, -1087.6378666397015, -1026.5719710645444, -845.1114756249343, -983.5327429492351, -895.5225122379546, -1163.3377941770054, -1351.231732467595, -984.1529680751607, -893.353843986643, -985.346244294824, -1243.7585620587884, -1187.2733603694696, -1224.1624348174153, -883.8374208729693, -1126.7047348722508, -885.543099593568, -879.6117854601287, -946.2336658038495, -1217.659796022992], "timestamps": [1574179960.91894, 1574179961.928485, 1574179962.5955229, 1574179965.31238, 1574179966.0022302, 1574179966.6916416, 1574179969.4133804, 1574179970.1805317, 1574179971.428568, 1574179974.8218055, 1574179975.4096756, 1574179976.0607512, 1574179979.2687674, 1574179980.133952, 1574179981.039965, 1574179984.230171, 1574179984.877963, 1574179985.430331, 1574179988.6891892, 1574179989.7108898, 1574179990.7934866, 1574179994.7480922, 1574179995.6528902, 1574179996.546257], "episode_lengths": [200, 200, 200, 200, 200, 200, 200, 200, 200, 200, 200, 200, 200, 200, 200, 200, 200, 200, 200, 200, 200, 200, 200, 200], "initial_reset_timestamp": 1574179960.043195, "episode_types": ["t", "t", "t", "t", "t", "t", "t", "t", "t", "t", "t", "t", "t", "t", "t", "t", "t", "t", "t", "t", "t", "t", "t", "t", "t"]}