{"episode_rewards": [-1303.4225039542898, -1124.210315987262, -1816.024281347436, -1310.41082471281, -1080.107213908305, -1297.6727451763595, -1026.7640773078015, -1042.5310802250328, -1105.400859610307, -1008.8348590165816, -1090.580167409461, -1066.5359602247975, -1282.3345666475302, -1324.3624597093904, -1037.8605966662433, -1029.9931448816928, -1026.935830724186, -1051.1787001940354, -905.5771992549036, -1249.5642190673027, -1222.3608267654265, -1073.4484053046308, -873.9294740924698, -867.8683863532253], "timestamps": [1574179960.9213684, 1574179961.93479, 1574179962.595097, 1574179965.3116138, 1574179966.0057285, 1574179966.6910102, 1574179969.4130526, 1574179970.17753, 1574179971.4232714, 1574179974.822857, 1574179975.4092202, 1574179976.0605679, 1574179979.2681482, 1574179980.1338072, 1574179981.0498724, 1574179984.2289855, 1574179984.8789392, 1574179985.4294899, 1574179988.6835601, 1574179989.7102141, 1574179990.7934864, 1574179994.741648, 1574179995.653359, 1574179996.5460773], "episode_lengths": [200, 200, 200, 200, 200, 200, 200, 200, 200, 200, 200, 200, 200, 200, 200, 200, 200, 200, 200, 200, 200, 200, 200, 200], "initial_reset_timestamp": 1574179960.0428543, "episode_types": ["t", "t", "t", "t", "t", "t", "t", "t", "t", "t", "t", "t", "t", "t", "t", "t", "t", "t", "t", "t", "t", "t", "t", "t", "t"]}