{"episode_rewards": [-1036.1885307968948, -843.094290960602, -1108.6294784214235, -1090.5278449958755, -1373.6660086779382, -1064.3712933197555, -910.6463701718842, -1159.4761507560502, -1366.035307669357, -1028.5773755318794, -1135.321830172861, -1013.9607452282879, -1011.4600103445621, -1107.7110397117224, -905.6713283909967, -1045.067101976406, -1098.9953381325458, -1100.356906533973, -1036.2896962761122, -996.3118753960066, -978.6089163643608, -990.434152447239, -1123.5526892445307, -1029.8046618800772], "timestamps": [1574179960.9157944, 1574179961.934265, 1574179962.5923007, 1574179965.3090754, 1574179965.998566, 1574179966.690831, 1574179969.4104376, 1574179970.172386, 1574179971.4232717, 1574179974.8181584, 1574179975.4069374, 1574179976.0676367, 1574179979.2692883, 1574179980.134536, 1574179981.0369868, 1574179984.2261384, 1574179984.8764725, 1574179985.4376597, 1574179988.685355, 1574179989.7101307, 1574179990.7934363, 1574179994.7400324, 1574179995.6593437, 1574179996.5427887], "episode_lengths": [200, 200, 200, 200, 200, 200, 200, 200, 200, 200, 200, 200, 200, 200, 200, 200, 200, 200, 200, 200, 200, 200, 200, 200], "initial_reset_timestamp": 1574179960.0401168, "episode_types": ["t", "t", "t", "t", "t", "t", "t", "t", "t", "t", "t", "t", "t", "t", "t", "t", "t", "t", "t", "t", "t", "t", "t", "t", "t"]}