{"episode_rewards": [-1021.5117318650939, -1133.1616930837106, -925.121026316332, -1400.2209100117786, -1039.456813229938, -1227.121651523214, -1095.9066508252301, -1240.6832587122087, -1138.2793643286884, -1099.1048864870336, -1300.3230457377797, -1135.081260737927, -1210.4477938453476, -963.0245269329577, -747.166800559425, -961.982685326738, -1015.466211347657, -985.4257839499443, -888.0367983957681, -997.8921339763597, -1033.3729251484644, -909.8813001256956, -1026.7616502791982, -917.0754079035779], "timestamps": [1574179960.9157412, 1574179961.9261184, 1574179962.592569, 1574179965.3100488, 1574179966.0042725, 1574179966.6892283, 1574179969.4112673, 1574179970.1695144, 1574179971.4206932, 1574179974.8193593, 1574179975.4069166, 1574179976.0562356, 1574179979.2657843, 1574179980.1313732, 1574179981.0376568, 1574179984.2268379, 1574179984.8752558, 1574179985.4268177, 1574179988.6806133, 1574179989.701444, 1574179990.791069, 1574179994.7390606, 1574179995.6498487, 1574179996.5434651], "episode_lengths": [200, 200, 200, 200, 200, 200, 200, 200, 200, 200, 200, 200, 200, 200, 200, 200, 200, 200, 200, 200, 200, 200, 200, 200], "initial_reset_timestamp": 1574179960.041316, "episode_types": ["t", "t", "t", "t", "t", "t", "t", "t", "t", "t", "t", "t", "t", "t", "t", "t", "t", "t", "t", "t", "t", "t", "t", "t", "t"]}