{"episode_rewards": [-1051.260868450232, -1029.9106040317092, -1422.9742652251684, -1210.42890386812, -1404.8632896338065, -1166.4838260003808, -1044.412499298895, -997.0460653313969, -1072.9006009473994, -1133.547592102229, -1134.7272086729922, -1099.552177326866, -1109.0294746698796, -977.4035887280975, -1033.2048373822417, -925.2851130029909, -1108.2824660092913, -883.0587121953236, -1090.6028335152612, -1248.7355664408115, -1096.5473989288014, -983.4097183727283, -1127.0486470991277, -996.1812555503279], "timestamps": [1574179960.9173064, 1574179961.9352822, 1574179962.5936332, 1574179965.3097126, 1574179965.9994748, 1574179966.6918147, 1574179969.4111724, 1574179970.1734116, 1574179971.4244947, 1574179974.818707, 1574179975.408142, 1574179976.068237, 1574179979.2703662, 1574179980.1357, 1574179981.0377777, 1574179984.2359605, 1574179984.8777676, 1574179985.4383633, 1574179988.6864033, 1574179989.7113194, 1574179990.7965243, 1574179994.741337, 1574179995.660517, 1574179996.5441082], "episode_lengths": [200, 200, 200, 200, 200, 200, 200, 200, 200, 200, 200, 200, 200, 200, 200, 200, 200, 200, 200, 200, 200, 200, 200, 200], "initial_reset_timestamp": 1574179960.0404823, "episode_types": ["t", "t", "t", "t", "t", "t", "t", "t", "t", "t", "t", "t", "t", "t", "t", "t", "t", "t", "t", "t", "t", "t", "t", "t", "t"]}