{"episode_rewards": [-1082.8962166469996, -1230.8578842523368, -1102.0045510039686, -1240.2025126183855, -1144.127543141643, -1034.530047695119, -1106.8665084530903, -1024.0730131619691, -1025.3852708466986, -1206.0207719018229, -1208.2813516667986, -1047.251691739034, -992.3195058895901, -1005.2821213608934, -863.8199515478174, -990.9761585885134, -1003.8592060769593, -991.3230337906074, -1004.5644755949437, -997.7095091422948, -926.3784085296859, -1042.4929875673415, -910.7267175712275, -1019.5354502534193], "timestamps": [1574179960.9169128, 1574179961.9339228, 1574179962.5941882, 1574179965.3108983, 1574179966.0051587, 1574179966.6901495, 1574179969.4123423, 1574179970.170637, 1574179971.4220693, 1574179974.8217673, 1574179975.408142, 1574179976.0574698, 1574179979.267199, 1574179980.1328113, 1574179981.0487304, 1574179984.2279863, 1574179984.8764725, 1574179985.4281542, 1574179988.682223, 1574179989.702858, 1574179990.7921443, 1574179994.7403955, 1574179995.6520598, 1574179996.5449488], "episode_lengths": [200, 200, 200, 200, 200, 200, 200, 200, 200, 200, 200, 200, 200, 200, 200, 200, 200, 200, 200, 200, 200, 200, 200, 200], "initial_reset_timestamp": 1574179960.042347, "episode_types": ["t", "t", "t", "t", "t", "t", "t", "t", "t", "t", "t", "t", "t", "t", "t", "t", "t", "t", "t", "t", "t", "t", "t", "t", "t"]}