{"episode_rewards": [-1505.8266630088203, -1088.973175532225, -1045.3606237884233, -1490.1270303913898, -1031.7061473342, -1039.2562970360143, -1359.1429675363233, -1131.7111616876355, -1051.565120044511, -1282.2190220742123, -886.9449635846421, -1109.5681871474965, -997.0834953202558, -885.2950177984522, -1101.504024268409, -1014.3645586809505, -1038.0655495663543, -1473.3992386192567, -1276.2199956574789, -1183.2732651859192, -1028.5590196971718, -1085.0968345824042, -938.4952035713242, -920.0083404295052], "timestamps": [1574179960.9114199, 1574179961.9251533, 1574179962.5910892, 1574179965.3077502, 1574179965.9962976, 1574179966.688453, 1574179969.408999, 1574179970.1694233, 1574179971.4206352, 1574179974.816812, 1574179975.4036644, 1574179976.0661142, 1574179979.2670743, 1574179980.1311584, 1574179981.035317, 1574179984.2246277, 1574179984.8743374, 1574179985.4267445, 1574179988.6830904, 1574179989.701324, 1574179990.79024, 1574179994.7373166, 1574179995.6498084, 1574179996.540708], "episode_lengths": [200, 200, 200, 200, 200, 200, 200, 200, 200, 200, 200, 200, 200, 200, 200, 200, 200, 200, 200, 200, 200, 200, 200, 200], "initial_reset_timestamp": 1574179960.03891, "episode_types": ["t", "t", "t", "t", "t", "t", "t", "t", "t", "t", "t", "t", "t", "t", "t", "t", "t", "t", "t", "t", "t", "t", "t", "t", "t"]}