{"episode_rewards": [-992.975422728582, -1043.5677596536566, -1087.4962472818672, -1048.6222009765845, -1149.9343860476442, -1448.7359654925694, -978.4747395495526, -1418.37467965711, -1010.7057426947858, -1113.0719290061184, -981.8428156381985, -1053.8175274065163, -1055.2887014900198, -1000.3675824288784, -1091.0511220524118, -990.2769649263196, -1004.1053471305536, -1001.5118852884224, -1053.3857791365972, -1173.3496885999061, -962.9341589795639, -1028.1426122283522, -990.332577636586, -1245.3893366607572], "timestamps": [1574179960.9259605, 1574179961.935599, 1574179962.5958972, 1574179965.3124275, 1574179966.0062962, 1574179966.6918147, 1574179969.413789, 1574179970.1783588, 1574179971.4244947, 1574179974.8235843, 1574179975.4100091, 1574179976.0617702, 1574179979.2692883, 1574179980.1348739, 1574179981.0507555, 1574179984.2300553, 1574179984.8800817, 1574179985.430561, 1574179988.6846902, 1574179989.7115993, 1574179990.7960057, 1574179994.7428622, 1574179995.6543612, 1574179996.5468483], "episode_lengths": [200, 200, 200, 200, 200, 200, 200, 200, 200, 200, 200, 200, 200, 200, 200, 200, 200, 200, 200, 200, 200, 200, 200, 200], "initial_reset_timestamp": 1574179960.0432727, "episode_types": ["t", "t", "t", "t", "t", "t", "t", "t", "t", "t", "t", "t", "t", "t", "t", "t", "t", "t", "t", "t", "t", "t", "t", "t", "t"]}