{"episode_rewards": [-1033.2636253795122, -1123.44187634338, -1128.961491029265, -1226.2930417570863, -1353.474632149725, -910.542051232467, -1221.5103664853739, -1348.9154104722616, -1011.1813340204836, -1002.8875632165563, -1083.484670354686, -1387.2632613514165, -1109.3397131057382, -1000.0232306237862, -1088.3695265270865, -1076.6453720788807, -982.7975177510341, -1206.1867562254897, -1359.1416603114108, -1027.1433914724287, -1191.038402788948, -972.8239938714274, -901.9714457931783, -890.1672418636314], "timestamps": [1574179960.9234107, 1574179961.9290514, 1574179962.5972729, 1574179965.3135054, 1574179966.003225, 1574179966.6927369, 1574179969.4145083, 1574179970.1817904, 1574179971.429314, 1574179974.8230815, 1574179975.4107578, 1574179976.0620918, 1574179979.2698772, 1574179980.1350534, 1574179981.0406291, 1574179984.2313228, 1574179984.8800964, 1574179985.431579, 1574179988.6903596, 1574179989.7162426, 1574179990.7946444, 1574179994.7488852, 1574179995.6540408, 1574179996.5474877], "episode_lengths": [200, 200, 200, 200, 200, 200, 200, 200, 200, 200, 200, 200, 200, 200, 200, 200, 200, 200, 200, 200, 200, 200, 200, 200], "initial_reset_timestamp": 1574179960.043781, "episode_types": ["t", "t", "t", "t", "t", "t", "t", "t", "t", "t", "t", "t", "t", "t", "t", "t", "t", "t", "t", "t", "t", "t", "t", "t", "t"]}