{"episode_rewards": [-1002.6086099404232, -1126.5177794848819, -1557.3185134454604, -1152.4021827266934, -1151.0772624627198, -1413.1217474149048, -998.0478091290586, -1232.9139447155828, -1089.8648109914093, -1052.914187779685, -1427.8641527690113, -1043.1297203423603, -1119.5715248997317, -1086.6213047644824, -1250.600828122616, -1212.2926317051433, -1324.1572615863256, -996.1936350555175, -1169.0465043309127, -1181.8732466424547, -995.0462480280809, -889.4909553286222, -752.6596769374431, -1105.2703752873822], "timestamps": [1574179960.9160337, 1574179961.9261749, 1574179962.5926263, 1574179965.3101106, 1574179965.9994047, 1574179966.6893525, 1574179969.4111938, 1574179970.178248, 1574179971.4229848, 1574179974.819261, 1574179975.412933, 1574179976.0561497, 1574179979.266571, 1574179980.1313314, 1574179981.0377703, 1574179984.2275736, 1574179984.8751588, 1574179985.4276683, 1574179988.6896877, 1574179989.7013595, 1574179990.7903893, 1574179994.737213, 1574179995.6499975, 1574179996.5434031], "episode_lengths": [200, 200, 200, 200, 200, 200, 200, 200, 200, 200, 200, 200, 200, 200, 200, 200, 200, 200, 200, 200, 200, 200, 200, 200], "initial_reset_timestamp": 1574179960.0413241, "episode_types": ["t", "t", "t", "t", "t", "t", "t", "t", "t", "t", "t", "t", "t", "t", "t", "t", "t", "t", "t", "t", "t", "t", "t", "t", "t"]}