{"episode_types": ["t", "t"], "episode_rewards": [1.0], "timestamps": [1574179932.4986305], "episode_lengths": [677], "initial_reset_timestamp": 1574179921.5376506}