{"episode_types": ["t", "t"], "episode_rewards": [2.0], "timestamps": [1574179935.6734695], "episode_lengths": [871], "initial_reset_timestamp": 1574179921.6242175}