{"episode_types": ["t", "t"], "episode_rewards": [1.0], "timestamps": [1574179932.4953957], "episode_lengths": [666], "initial_reset_timestamp": 1574179921.4479702}