{"episode_types": ["t", "t"], "episode_rewards": [1.0], "timestamps": [1574179932.5707119], "episode_lengths": [687], "initial_reset_timestamp": 1574179921.5657527}